company,ticker,period,period_type,period_start_date,period_end_date,metric,metric_name,value,unit,currency,scope,business,geography,product,basis,measurement_basis,source_type,source,source_url,source_location,raw_value_text,formula,formula_inputs,calculation_basis,restated,status,metric_definition,scope_note,note,yoy,yoy_pp
吉利汽车控股有限公司,0175.HK,2024H1,ytd_6m,2024-01-01,2024-06-30,gross_profit,毛利润,19868.348,CNY million,CNY,group,,,,HKFRS,reported_currency,company_disclosed,Geely Automobile Holdings Limited 2025 Interim Results,https://www.geelyauto.com.hk/wp-content/uploads/2025/08/2025081400145.pdf,Financial highlights and consolidated income statement; RMB'000,"Gross profit: 19,868,348 CNY thousand",,,,false,needs_review,Geely Automobile Holdings Limited consolidated gross profit under HKFRS.,business/geography/product=consolidated,six-month cumulative; not standalone Q2,,
吉利汽车控股有限公司,0175.HK,2024H1,ytd_6m,2024-01-01,2024-06-30,net_income,净利润,10789.54,CNY million,CNY,group,,,,HKFRS_attributable_to_parent,reported_currency,company_disclosed,Geely Automobile Holdings Limited 2025 Interim Results,https://www.geelyauto.com.hk/wp-content/uploads/2025/08/2025081400145.pdf,Financial highlights and consolidated income statement; RMB'000,"Profit attributable to owners of the Company: 10,789,540 CNY thousand",,,,false,needs_review,Profit attributable to owners of Geely Automobile Holdings Limited; not total consolidated profit.,business/geography/product=consolidated,six-month cumulative; not standalone Q2,,
吉利汽车控股有限公司,0175.HK,2024H1,ytd_6m,2024-01-01,2024-06-30,revenue,营业收入,118792.689,CNY million,CNY,group,,,,HKFRS,reported_currency,company_disclosed,Geely Automobile Holdings Limited 2025 Interim Results,https://www.geelyauto.com.hk/wp-content/uploads/2025/08/2025081400145.pdf,Financial highlights and consolidated income statement; RMB'000,"Revenue: 118,792,689 CNY thousand",,,,false,needs_review,Geely Automobile Holdings Limited consolidated revenue under HKFRS; listed-entity scope only.,business/geography/product=consolidated,six-month cumulative; not standalone Q2,,
吉利汽车控股有限公司,0175.HK,2024H1,ytd_6m,2024-01-01,2024-06-30,vehicle_deliveries,整车交付量,955730,辆,,group,,,,company_operating_metric,reported_measurement,company_disclosed,Geely Automobile Holdings Limited 2025 Interim Results,https://www.geelyauto.com.hk/wp-content/uploads/2025/08/2025081400145.pdf,Financial highlights and consolidated income statement; RMB'000,"Total sales volume: 955,730 vehicles",,,,false,needs_review,Company-reported total sales volume. Stored under vehicle_deliveries metric family with explicit measurement identity; not relabelled as retail deliveries.,business/geography/product=consolidated,six-month cumulative; not standalone Q2,,
吉利汽车控股有限公司,0175.HK,2024M9,ytd_9m,2024-01-01,2024-09-30,gross_profit,毛利润,30786,CNY million,CNY,group,,,,HKFRS,reported_currency,company_disclosed,Geely Automobile Holdings Limited Third Quarter 2025 Results,https://www.hkexnews.hk/listedco/listconews/sehk/2025/1117/2025111700285.pdf,Q3 highlights and nine-month cumulative results; RMB million,"Gross profit: 30,786 CNY million",,,,false,needs_review,Geely Automobile Holdings Limited consolidated gross profit under HKFRS.,business/geography/product=consolidated,nine-month cumulative; not standalone Q3,,
吉利汽车控股有限公司,0175.HK,2024M9,ytd_9m,2024-01-01,2024-09-30,net_income,净利润,13213,CNY million,CNY,group,,,,HKFRS_attributable_to_parent,reported_currency,company_disclosed,Geely Automobile Holdings Limited Third Quarter 2025 Results,https://www.hkexnews.hk/listedco/listconews/sehk/2025/1117/2025111700285.pdf,Q3 highlights and nine-month cumulative results; RMB million,"Profit attributable to owners of the Company: 13,213 CNY million",,,,false,needs_review,Profit attributable to owners of Geely Automobile Holdings Limited; not total consolidated profit.,business/geography/product=consolidated,nine-month cumulative; not standalone Q3,,
吉利汽车控股有限公司,0175.HK,2024M9,ytd_9m,2024-01-01,2024-09-30,revenue,营业收入,189534,CNY million,CNY,group,,,,HKFRS,reported_currency,company_disclosed,Geely Automobile Holdings Limited Third Quarter 2025 Results,https://www.hkexnews.hk/listedco/listconews/sehk/2025/1117/2025111700285.pdf,Q3 highlights and nine-month cumulative results; RMB million,"Revenue: 189,534 CNY million",,,,false,needs_review,Geely Automobile Holdings Limited consolidated revenue under HKFRS; listed-entity scope only.,business/geography/product=consolidated,nine-month cumulative; not standalone Q3,,
吉利汽车控股有限公司,0175.HK,2024Q3,quarter,2024-07-01,2024-09-30,net_income,净利润,2398,CNY million,CNY,group,,,,HKFRS_attributable_to_parent,reported_currency,company_disclosed,Geely Automobile Holdings Limited Third Quarter 2025 Results,https://www.hkexnews.hk/listedco/listconews/sehk/2025/1117/2025111700285.pdf,Q3 highlights and nine-month cumulative results; RMB million,"Profit attributable to owners of the Company: 2,398 CNY million",,,,false,needs_review,Profit attributable to owners of Geely Automobile Holdings Limited; not total consolidated profit.,business/geography/product=consolidated,direct standalone Q3 highlight,,
吉利汽车控股有限公司,0175.HK,2024Q3,quarter,2024-07-01,2024-09-30,revenue,营业收入,70486,CNY million,CNY,group,,,,HKFRS,reported_currency,company_disclosed,Geely Automobile Holdings Limited Third Quarter 2025 Results,https://www.hkexnews.hk/listedco/listconews/sehk/2025/1117/2025111700285.pdf,Q3 highlights and nine-month cumulative results; RMB million,"Revenue: 70,486 CNY million",,,,false,needs_review,Geely Automobile Holdings Limited consolidated revenue under HKFRS; listed-entity scope only.,business/geography/product=consolidated,direct standalone Q3 highlight,,
吉利汽车控股有限公司,0175.HK,2024Q3,quarter,2024-07-01,2024-09-30,vehicle_deliveries,整车交付量,534000,辆,,group,,,,company_operating_metric,reported_measurement,company_disclosed,Geely Automobile Holdings Limited Third Quarter 2025 Results,https://www.hkexnews.hk/listedco/listconews/sehk/2025/1117/2025111700285.pdf,Q3 highlights and nine-month cumulative results; RMB million,"Total sales volume: 534,000 vehicles",,,,false,needs_review,Company-reported total sales volume. Stored under vehicle_deliveries metric family with explicit measurement identity; not relabelled as retail deliveries.,business/geography/product=consolidated,direct standalone Q3 highlight,,
吉利汽车控股有限公司,0175.HK,2024-12-31,point_in_time,2024-12-31,2024-12-31,inventory,存货,29359.12,CNY million,CNY,group,,,,HKFRS,reported_currency,company_disclosed,Geely Automobile Holdings Limited Annual Report 2025,https://www1.hkexnews.hk/listedco/listconews/sehk/2026/0427/2026042700756.pdf,Consolidated income statement and financial position; RMB'000,"Inventories: 29,359,120 CNY thousand",,,,false,needs_review,Consolidated inventories at period end under HKFRS.,business/geography/product=consolidated,period-end point-in-time; not additive across periods,,
吉利汽车控股有限公司,0175.HK,FY2024,fy,2024-01-01,2024-12-31,gross_profit,毛利润,45803.749,CNY million,CNY,group,,,,HKFRS,reported_currency,company_disclosed,Geely Automobile Holdings Limited Annual Report 2025,https://www1.hkexnews.hk/listedco/listconews/sehk/2026/0427/2026042700756.pdf,Consolidated income statement and financial position; RMB'000,"Gross profit: 45,803,749 CNY thousand",,,,false,needs_review,Geely Automobile Holdings Limited consolidated gross profit under HKFRS.,business/geography/product=consolidated,full-year; FY2024 is latest restated comparative,,
吉利汽车控股有限公司,0175.HK,FY2024,fy,2024-01-01,2024-12-31,net_income,净利润,16811.878,CNY million,CNY,group,,,,HKFRS_attributable_to_parent,reported_currency,company_disclosed,Geely Automobile Holdings Limited Annual Report 2025,https://www1.hkexnews.hk/listedco/listconews/sehk/2026/0427/2026042700756.pdf,Consolidated income statement and financial position; RMB'000,"Profit attributable to owners of the Company: 16,811,878 CNY thousand",,,,false,needs_review,Profit attributable to owners of Geely Automobile Holdings Limited; not total consolidated profit.,business/geography/product=consolidated,full-year; FY2024 is latest restated comparative,,
吉利汽车控股有限公司,0175.HK,FY2024,fy,2024-01-01,2024-12-31,revenue,营业收入,275910.484,CNY million,CNY,group,,,,HKFRS,reported_currency,company_disclosed,Geely Automobile Holdings Limited Annual Report 2025,https://www1.hkexnews.hk/listedco/listconews/sehk/2026/0427/2026042700756.pdf,Consolidated income statement and financial position; RMB'000,"Revenue: 275,910,484 CNY thousand",,,,false,needs_review,Geely Automobile Holdings Limited consolidated revenue under HKFRS; listed-entity scope only.,business/geography/product=consolidated,full-year; FY2024 is latest restated comparative,,
吉利汽车控股有限公司,0175.HK,FY2024,fy,2024-01-01,2024-12-31,vehicle_deliveries,整车交付量,2176567,辆,,group,,,,company_operating_metric,reported_measurement,company_disclosed,Geely Automobile Holdings Limited Annual Report 2025,https://www1.hkexnews.hk/listedco/listconews/sehk/2026/0427/2026042700756.pdf,Consolidated income statement and financial position; RMB'000,"Total sales volume: 2,176,567 vehicles",,,,false,needs_review,Company-reported total sales volume. Stored under vehicle_deliveries metric family with explicit measurement identity; not relabelled as retail deliveries.,business/geography/product=consolidated,full-year; FY2024 is latest restated comparative,,
吉利汽车控股有限公司,0175.HK,2025Q1,quarter,2025-01-01,2025-03-31,gross_profit,毛利润,11446,CNY million,CNY,group,,,,HKFRS,reported_currency,company_disclosed,Geely Automobile Holdings Limited First Quarter 2026 Results,https://www.geelyauto.com.hk/wp-content/uploads/2026/04/2026042900391.pdf,Q1 2026 and restated Q1 2025 comparatives; RMB million,"Gross profit: 11,446 CNY million",,,,false,needs_review,Geely Automobile Holdings Limited consolidated gross profit under HKFRS.,business/geography/product=consolidated,2025Q1 comparable is the latest restated presentation.,,
吉利汽车控股有限公司,0175.HK,2025Q1,quarter,2025-01-01,2025-03-31,net_income,净利润,5673,CNY million,CNY,group,,,,HKFRS_attributable_to_parent,reported_currency,company_disclosed,Geely Automobile Holdings Limited First Quarter 2026 Results,https://www.geelyauto.com.hk/wp-content/uploads/2026/04/2026042900391.pdf,Q1 2026 and restated Q1 2025 comparatives; RMB million,"Profit attributable to owners of the Company: 5,673 CNY million",,,,false,needs_review,Profit attributable to owners of Geely Automobile Holdings Limited; not total consolidated profit.,business/geography/product=consolidated,2025Q1 comparable is the latest restated presentation.,,
吉利汽车控股有限公司,0175.HK,2025Q1,quarter,2025-01-01,2025-03-31,revenue,营业收入,72692,CNY million,CNY,group,,,,HKFRS,reported_currency,company_disclosed,Geely Automobile Holdings Limited First Quarter 2026 Results,https://www.geelyauto.com.hk/wp-content/uploads/2026/04/2026042900391.pdf,Q1 2026 and restated Q1 2025 comparatives; RMB million,"Revenue: 72,692 CNY million",,,,false,needs_review,Geely Automobile Holdings Limited consolidated revenue under HKFRS; listed-entity scope only.,business/geography/product=consolidated,2025Q1 comparable is the latest restated presentation.,,
吉利汽车控股有限公司,0175.HK,2025Q1,quarter,2025-01-01,2025-03-31,vehicle_deliveries,整车交付量,703800,辆,,group,,,,company_operating_metric,reported_measurement,company_disclosed,Geely Automobile Holdings Limited First Quarter 2026 Results,https://www.geelyauto.com.hk/wp-content/uploads/2026/04/2026042900391.pdf,Q1 2026 and restated Q1 2025 comparatives; RMB million,"Total sales volume: 703,800 vehicles",,,,false,needs_review,Company-reported total sales volume. Stored under vehicle_deliveries metric family with explicit measurement identity; not relabelled as retail deliveries.,business/geography/product=consolidated,2025Q1 comparable is the latest restated presentation.,,
吉利汽车控股有限公司,0175.HK,2025H1,ytd_6m,2025-01-01,2025-06-30,gross_profit,毛利润,24718.739,CNY million,CNY,group,,,,HKFRS,reported_currency,company_disclosed,Geely Automobile Holdings Limited 2025 Interim Results,https://www.geelyauto.com.hk/wp-content/uploads/2025/08/2025081400145.pdf,Financial highlights and consolidated income statement; RMB'000,"Gross profit: 24,718,739 CNY thousand",,,,false,needs_review,Geely Automobile Holdings Limited consolidated gross profit under HKFRS.,business/geography/product=consolidated,six-month cumulative; not standalone Q2,,
吉利汽车控股有限公司,0175.HK,2025H1,ytd_6m,2025-01-01,2025-06-30,net_income,净利润,9289.807,CNY million,CNY,group,,,,HKFRS_attributable_to_parent,reported_currency,company_disclosed,Geely Automobile Holdings Limited 2025 Interim Results,https://www.geelyauto.com.hk/wp-content/uploads/2025/08/2025081400145.pdf,Financial highlights and consolidated income statement; RMB'000,"Profit attributable to owners of the Company: 9,289,807 CNY thousand",,,,false,needs_review,Profit attributable to owners of Geely Automobile Holdings Limited; not total consolidated profit.,business/geography/product=consolidated,six-month cumulative; not standalone Q2,,
吉利汽车控股有限公司,0175.HK,2025H1,ytd_6m,2025-01-01,2025-06-30,revenue,营业收入,150284.734,CNY million,CNY,group,,,,HKFRS,reported_currency,company_disclosed,Geely Automobile Holdings Limited 2025 Interim Results,https://www.geelyauto.com.hk/wp-content/uploads/2025/08/2025081400145.pdf,Financial highlights and consolidated income statement; RMB'000,"Revenue: 150,284,734 CNY thousand",,,,false,needs_review,Geely Automobile Holdings Limited consolidated revenue under HKFRS; listed-entity scope only.,business/geography/product=consolidated,six-month cumulative; not standalone Q2,,
吉利汽车控股有限公司,0175.HK,2025H1,ytd_6m,2025-01-01,2025-06-30,vehicle_deliveries,整车交付量,1409180,辆,,group,,,,company_operating_metric,reported_measurement,company_disclosed,Geely Automobile Holdings Limited 2025 Interim Results,https://www.geelyauto.com.hk/wp-content/uploads/2025/08/2025081400145.pdf,Financial highlights and consolidated income statement; RMB'000,"Total sales volume: 1,409,180 vehicles",,,,false,needs_review,Company-reported total sales volume. Stored under vehicle_deliveries metric family with explicit measurement identity; not relabelled as retail deliveries.,business/geography/product=consolidated,six-month cumulative; not standalone Q2,,
吉利汽车控股有限公司,0175.HK,2025-09-30,point_in_time,2025-09-30,2025-09-30,inventory,存货,23664,CNY million,CNY,group,,,,HKFRS,reported_currency,company_disclosed,Geely Automobile Holdings Limited Third Quarter 2025 Results,https://www.hkexnews.hk/listedco/listconews/sehk/2025/1117/2025111700285.pdf,Q3 highlights and nine-month cumulative results; RMB million,"Inventories: 23,664 CNY million",,,,false,needs_review,Consolidated inventories at period end under HKFRS.,business/geography/product=consolidated,period-end point-in-time; not additive across periods,,
吉利汽车控股有限公司,0175.HK,2025M9,ytd_9m,2025-01-01,2025-09-30,gross_profit,毛利润,39512,CNY million,CNY,group,,,,HKFRS,reported_currency,company_disclosed,Geely Automobile Holdings Limited Third Quarter 2025 Results,https://www.hkexnews.hk/listedco/listconews/sehk/2025/1117/2025111700285.pdf,Q3 highlights and nine-month cumulative results; RMB million,"Gross profit: 39,512 CNY million",,,,false,needs_review,Geely Automobile Holdings Limited consolidated gross profit under HKFRS.,business/geography/product=consolidated,nine-month cumulative; not standalone Q3,,
吉利汽车控股有限公司,0175.HK,2025M9,ytd_9m,2025-01-01,2025-09-30,net_income,净利润,13110,CNY million,CNY,group,,,,HKFRS_attributable_to_parent,reported_currency,company_disclosed,Geely Automobile Holdings Limited Third Quarter 2025 Results,https://www.hkexnews.hk/listedco/listconews/sehk/2025/1117/2025111700285.pdf,Q3 highlights and nine-month cumulative results; RMB million,"Profit attributable to owners of the Company: 13,110 CNY million",,,,false,needs_review,Profit attributable to owners of Geely Automobile Holdings Limited; not total consolidated profit.,business/geography/product=consolidated,nine-month cumulative; not standalone Q3,,
吉利汽车控股有限公司,0175.HK,2025M9,ytd_9m,2025-01-01,2025-09-30,revenue,营业收入,239477,CNY million,CNY,group,,,,HKFRS,reported_currency,company_disclosed,Geely Automobile Holdings Limited Third Quarter 2025 Results,https://www.hkexnews.hk/listedco/listconews/sehk/2025/1117/2025111700285.pdf,Q3 highlights and nine-month cumulative results; RMB million,"Revenue: 239,477 CNY million",,,,false,needs_review,Geely Automobile Holdings Limited consolidated revenue under HKFRS; listed-entity scope only.,business/geography/product=consolidated,nine-month cumulative; not standalone Q3,,
吉利汽车控股有限公司,0175.HK,2025Q3,quarter,2025-07-01,2025-09-30,net_income,净利润,3820,CNY million,CNY,group,,,,HKFRS_attributable_to_parent,reported_currency,company_disclosed,Geely Automobile Holdings Limited Third Quarter 2025 Results,https://www.hkexnews.hk/listedco/listconews/sehk/2025/1117/2025111700285.pdf,Q3 highlights and nine-month cumulative results; RMB million,"Profit attributable to owners of the Company: 3,820 CNY million",,,,false,needs_review,Profit attributable to owners of Geely Automobile Holdings Limited; not total consolidated profit.,business/geography/product=consolidated,direct standalone Q3 highlight,,
吉利汽车控股有限公司,0175.HK,2025Q3,quarter,2025-07-01,2025-09-30,revenue,营业收入,89192,CNY million,CNY,group,,,,HKFRS,reported_currency,company_disclosed,Geely Automobile Holdings Limited Third Quarter 2025 Results,https://www.hkexnews.hk/listedco/listconews/sehk/2025/1117/2025111700285.pdf,Q3 highlights and nine-month cumulative results; RMB million,"Revenue: 89,192 CNY million",,,,false,needs_review,Geely Automobile Holdings Limited consolidated revenue under HKFRS; listed-entity scope only.,business/geography/product=consolidated,direct standalone Q3 highlight,,
吉利汽车控股有限公司,0175.HK,2025Q3,quarter,2025-07-01,2025-09-30,vehicle_deliveries,整车交付量,761000,辆,,group,,,,company_operating_metric,reported_measurement,company_disclosed,Geely Automobile Holdings Limited Third Quarter 2025 Results,https://www.hkexnews.hk/listedco/listconews/sehk/2025/1117/2025111700285.pdf,Q3 highlights and nine-month cumulative results; RMB million,"Total sales volume: 761,000 vehicles",,,,false,needs_review,Company-reported total sales volume. Stored under vehicle_deliveries metric family with explicit measurement identity; not relabelled as retail deliveries.,business/geography/product=consolidated,direct standalone Q3 highlight,,
吉利汽车控股有限公司,0175.HK,2025-12-31,point_in_time,2025-12-31,2025-12-31,inventory,存货,31934.409,CNY million,CNY,group,,,,HKFRS,reported_currency,company_disclosed,Geely Automobile Holdings Limited Annual Report 2025,https://www1.hkexnews.hk/listedco/listconews/sehk/2026/0427/2026042700756.pdf,Consolidated income statement and financial position; RMB'000,"Inventories: 31,934,409 CNY thousand",,,,false,needs_review,Consolidated inventories at period end under HKFRS.,business/geography/product=consolidated,period-end point-in-time; not additive across periods,,
吉利汽车控股有限公司,0175.HK,FY2025,fy,2025-01-01,2025-12-31,gross_profit,毛利润,57346.73,CNY million,CNY,group,,,,HKFRS,reported_currency,company_disclosed,Geely Automobile Holdings Limited Annual Report 2025,https://www1.hkexnews.hk/listedco/listconews/sehk/2026/0427/2026042700756.pdf,Consolidated income statement and financial position; RMB'000,"Gross profit: 57,346,730 CNY thousand",,,,false,needs_review,Geely Automobile Holdings Limited consolidated gross profit under HKFRS.,business/geography/product=consolidated,full-year; FY2024 is latest restated comparative,,
吉利汽车控股有限公司,0175.HK,FY2025,fy,2025-01-01,2025-12-31,net_income,净利润,16852.231,CNY million,CNY,group,,,,HKFRS_attributable_to_parent,reported_currency,company_disclosed,Geely Automobile Holdings Limited Annual Report 2025,https://www1.hkexnews.hk/listedco/listconews/sehk/2026/0427/2026042700756.pdf,Consolidated income statement and financial position; RMB'000,"Profit attributable to owners of the Company: 16,852,231 CNY thousand",,,,false,needs_review,Profit attributable to owners of Geely Automobile Holdings Limited; not total consolidated profit.,business/geography/product=consolidated,full-year; FY2024 is latest restated comparative,,
吉利汽车控股有限公司,0175.HK,FY2025,fy,2025-01-01,2025-12-31,revenue,营业收入,345232.201,CNY million,CNY,group,,,,HKFRS,reported_currency,company_disclosed,Geely Automobile Holdings Limited Annual Report 2025,https://www1.hkexnews.hk/listedco/listconews/sehk/2026/0427/2026042700756.pdf,Consolidated income statement and financial position; RMB'000,"Revenue: 345,232,201 CNY thousand",,,,false,needs_review,Geely Automobile Holdings Limited consolidated revenue under HKFRS; listed-entity scope only.,business/geography/product=consolidated,full-year; FY2024 is latest restated comparative,,
吉利汽车控股有限公司,0175.HK,FY2025,fy,2025-01-01,2025-12-31,vehicle_deliveries,整车交付量,3024567,辆,,group,,,,company_operating_metric,reported_measurement,company_disclosed,Geely Automobile Holdings Limited Annual Report 2025,https://www1.hkexnews.hk/listedco/listconews/sehk/2026/0427/2026042700756.pdf,Consolidated income statement and financial position; RMB'000,"Total sales volume: 3,024,567 vehicles",,,,false,needs_review,Company-reported total sales volume. Stored under vehicle_deliveries metric family with explicit measurement identity; not relabelled as retail deliveries.,business/geography/product=consolidated,full-year; FY2024 is latest restated comparative,,
吉利汽车控股有限公司,0175.HK,2026Q1,quarter,2026-01-01,2026-03-31,gross_profit,毛利润,14664,CNY million,CNY,group,,,,HKFRS,reported_currency,company_disclosed,Geely Automobile Holdings Limited First Quarter 2026 Results,https://www.geelyauto.com.hk/wp-content/uploads/2026/04/2026042900391.pdf,Q1 2026 and restated Q1 2025 comparatives; RMB million,"Gross profit: 14,664 CNY million",,,,false,needs_review,Geely Automobile Holdings Limited consolidated gross profit under HKFRS.,business/geography/product=consolidated,direct standalone quarter,,
吉利汽车控股有限公司,0175.HK,2026Q1,quarter,2026-01-01,2026-03-31,net_income,净利润,4166,CNY million,CNY,group,,,,HKFRS_attributable_to_parent,reported_currency,company_disclosed,Geely Automobile Holdings Limited First Quarter 2026 Results,https://www.geelyauto.com.hk/wp-content/uploads/2026/04/2026042900391.pdf,Q1 2026 and restated Q1 2025 comparatives; RMB million,"Profit attributable to owners of the Company: 4,166 CNY million",,,,false,needs_review,Profit attributable to owners of Geely Automobile Holdings Limited; not total consolidated profit.,business/geography/product=consolidated,direct standalone quarter,,
吉利汽车控股有限公司,0175.HK,2026Q1,quarter,2026-01-01,2026-03-31,revenue,营业收入,83776,CNY million,CNY,group,,,,HKFRS,reported_currency,company_disclosed,Geely Automobile Holdings Limited First Quarter 2026 Results,https://www.geelyauto.com.hk/wp-content/uploads/2026/04/2026042900391.pdf,Q1 2026 and restated Q1 2025 comparatives; RMB million,"Revenue: 83,776 CNY million",,,,false,needs_review,Geely Automobile Holdings Limited consolidated revenue under HKFRS; listed-entity scope only.,business/geography/product=consolidated,direct standalone quarter,,
吉利汽车控股有限公司,0175.HK,2026Q1,quarter,2026-01-01,2026-03-31,vehicle_deliveries,整车交付量,709358,辆,,group,,,,company_operating_metric,reported_measurement,company_disclosed,Geely Automobile Holdings Limited First Quarter 2026 Results,https://www.geelyauto.com.hk/wp-content/uploads/2026/04/2026042900391.pdf,Q1 2026 and restated Q1 2025 comparatives; RMB million,"Total sales volume: 709,358 vehicles",,,,false,needs_review,Company-reported total sales volume. Stored under vehicle_deliveries metric family with explicit measurement identity; not relabelled as retail deliveries.,business/geography/product=consolidated,direct standalone quarter,,
宁德时代,300750.SZ,2024Q3,quarter,2024-07-01,2024-09-30,net_income,净利润,13136.086,CNY million,CNY,group,,,,PRC_GAAP_attributable_to_parent,reported_currency,company_disclosed,宁德时代新能源科技股份有限公司2024年年度报告摘要,https://www.catl.com/uploads/1/file/public/202503/20250317103650_0v0mf1s78m.pdf,p.4 分季度主要会计数据，单位：千元,"归属于上市公司股东的净利润（千元） 13,136,086",,,,false,needs_review,归属于上市公司股东的净利润，不与合并净利润或扣非净利润混同。,business/geography/product=consolidated,,,
宁德时代,300750.SZ,2024Q3,quarter,2024-07-01,2024-09-30,operating_cash_flow,经营活动现金流,22734.647,CNY million,CNY,group,,,,PRC_GAAP,reported_currency,company_disclosed,宁德时代新能源科技股份有限公司2024年年度报告摘要,https://www.catl.com/uploads/1/file/public/202503/20250317103650_0v0mf1s78m.pdf,p.4 分季度主要会计数据，单位：千元,"经营活动产生的现金流量净额（千元） 22,734,647",,,,false,needs_review,CATL 合并口径经营活动现金流量净额；历史年度摘要季度表为直接单季，2026Q2 由正式 H1 累计减 Q1 累计并保留公式血缘。,business/geography/product=consolidated,公司年度报告摘要分季度表直接披露独立季度值；未由 H1/9M/FY 累计值拆分。,,
宁德时代,300750.SZ,2024Q3,quarter,2024-07-01,2024-09-30,revenue,营业收入,92277.915,CNY million,CNY,group,,,,PRC_GAAP,reported_currency,company_disclosed,宁德时代新能源科技股份有限公司2024年年度报告摘要,https://www.catl.com/uploads/1/file/public/202503/20250317103650_0v0mf1s78m.pdf,p.4 分季度主要会计数据，单位：千元,"营业收入（千元） 92,277,915",,,,false,needs_review,宁德时代合并口径营业收入。年度报告摘要分季度表直接披露独立季度值。,business/geography/product=consolidated,,,
宁德时代,300750.SZ,2024Q4,quarter,2024-10-01,2024-12-31,net_income,净利润,14743.608,CNY million,CNY,group,,,,PRC_GAAP_attributable_to_parent,reported_currency,company_disclosed,宁德时代新能源科技股份有限公司2024年年度报告摘要,https://www.catl.com/uploads/1/file/public/202503/20250317103650_0v0mf1s78m.pdf,p.4 分季度主要会计数据，单位：千元,"归属于上市公司股东的净利润（千元） 14,743,608",,,,false,needs_review,归属于上市公司股东的净利润，不与合并净利润或扣非净利润混同。,business/geography/product=consolidated,,,
宁德时代,300750.SZ,2024Q4,quarter,2024-10-01,2024-12-31,operating_cash_flow,经营活动现金流,29546.744,CNY million,CNY,group,,,,PRC_GAAP,reported_currency,company_disclosed,宁德时代新能源科技股份有限公司2024年年度报告摘要,https://www.catl.com/uploads/1/file/public/202503/20250317103650_0v0mf1s78m.pdf,p.4 分季度主要会计数据，单位：千元,"经营活动产生的现金流量净额（千元） 29,546,744",,,,false,needs_review,CATL 合并口径经营活动现金流量净额；历史年度摘要季度表为直接单季，2026Q2 由正式 H1 累计减 Q1 累计并保留公式血缘。,business/geography/product=consolidated,公司年度报告摘要分季度表直接披露独立季度值；未由 H1/9M/FY 累计值拆分。,,
宁德时代,300750.SZ,2024Q4,quarter,2024-10-01,2024-12-31,revenue,营业收入,102967.805,CNY million,CNY,group,,,,PRC_GAAP,reported_currency,company_disclosed,宁德时代新能源科技股份有限公司2024年年度报告摘要,https://www.catl.com/uploads/1/file/public/202503/20250317103650_0v0mf1s78m.pdf,p.4 分季度主要会计数据，单位：千元,"营业收入（千元） 102,967,805",,,,false,needs_review,宁德时代合并口径营业收入。年度报告摘要分季度表直接披露独立季度值。,business/geography/product=consolidated,,,
宁德时代,300750.SZ,2025Q1,quarter,2025-01-01,2025-03-31,net_income,净利润,13962.558,CNY million,CNY,group,,,,PRC_GAAP_attributable_to_parent,reported_currency,company_disclosed,宁德时代新能源科技股份有限公司2025年年度报告摘要,https://www.catl.com/uploads/1/file/public/202603/20260310001119_eph6t9ivki.pdf,p.4 分季度主要会计数据，单位：千元,"归属于上市公司股东的净利润（千元） 13,962,558",,,,false,needs_review,归属于上市公司股东的净利润，不与合并净利润或扣非净利润混同。,business/geography/product=consolidated,,,
宁德时代,300750.SZ,2025Q1,quarter,2025-01-01,2025-03-31,operating_cash_flow,经营活动现金流,32868.257,CNY million,CNY,group,,,,PRC_GAAP,reported_currency,company_disclosed,宁德时代新能源科技股份有限公司2025年年度报告摘要,https://www.catl.com/uploads/1/file/public/202603/20260310001119_eph6t9ivki.pdf,p.4 分季度主要会计数据，单位：千元,"经营活动产生的现金流量净额（千元） 32,868,257",,,,false,needs_review,CATL 合并口径经营活动现金流量净额；历史年度摘要季度表为直接单季，2026Q2 由正式 H1 累计减 Q1 累计并保留公式血缘。,business/geography/product=consolidated,公司年度报告摘要分季度表直接披露独立季度值；未由 H1/9M/FY 累计值拆分。,,
宁德时代,300750.SZ,2025Q1,quarter,2025-01-01,2025-03-31,revenue,营业收入,84704.589,CNY million,CNY,group,,,,PRC_GAAP,reported_currency,company_disclosed,宁德时代新能源科技股份有限公司2025年年度报告摘要,https://www.catl.com/uploads/1/file/public/202603/20260310001119_eph6t9ivki.pdf,p.4 分季度主要会计数据，单位：千元,"营业收入（千元） 84,704,589",,,,false,needs_review,宁德时代合并口径营业收入。年度报告摘要分季度表直接披露独立季度值。,business/geography/product=consolidated,,,
宁德时代,300750.SZ,2025Q2,quarter,2025-04-01,2025-06-30,net_income,净利润,16522.581,CNY million,CNY,group,,,,PRC_GAAP_attributable_to_parent,reported_currency,company_disclosed,宁德时代新能源科技股份有限公司2025年年度报告摘要,https://www.catl.com/uploads/1/file/public/202603/20260310001119_eph6t9ivki.pdf,p.4 分季度主要会计数据，单位：千元,"归属于上市公司股东的净利润（千元） 16,522,581",,,,false,needs_review,归属于上市公司股东的净利润，不与合并净利润或扣非净利润混同。,business/geography/product=consolidated,,,
宁德时代,300750.SZ,2025Q2,quarter,2025-04-01,2025-06-30,operating_cash_flow,经营活动现金流,25818.809,CNY million,CNY,group,,,,PRC_GAAP,reported_currency,company_disclosed,宁德时代新能源科技股份有限公司2025年年度报告摘要,https://www.catl.com/uploads/1/file/public/202603/20260310001119_eph6t9ivki.pdf,p.4 分季度主要会计数据，单位：千元,"经营活动产生的现金流量净额（千元） 25,818,809",,,,false,needs_review,CATL 合并口径经营活动现金流量净额；历史年度摘要季度表为直接单季，2026Q2 由正式 H1 累计减 Q1 累计并保留公式血缘。,business/geography/product=consolidated,公司年度报告摘要分季度表直接披露独立季度值；未由 H1/9M/FY 累计值拆分。,,
宁德时代,300750.SZ,2025Q2,quarter,2025-04-01,2025-06-30,revenue,营业收入,94181.664,CNY million,CNY,group,,,,PRC_GAAP,reported_currency,company_disclosed,宁德时代新能源科技股份有限公司2025年年度报告摘要,https://www.catl.com/uploads/1/file/public/202603/20260310001119_eph6t9ivki.pdf,p.4 分季度主要会计数据，单位：千元,"营业收入（千元） 94,181,664",,,,false,needs_review,宁德时代合并口径营业收入。年度报告摘要分季度表直接披露独立季度值。,business/geography/product=consolidated,,,
宁德时代,300750.SZ,2025Q3,quarter,2025-07-01,2025-09-30,net_income,净利润,18548.97,CNY million,CNY,group,,,,PRC_GAAP_attributable_to_parent,reported_currency,company_disclosed,宁德时代新能源科技股份有限公司2025年年度报告摘要,https://www.catl.com/uploads/1/file/public/202603/20260310001119_eph6t9ivki.pdf,p.4 分季度主要会计数据，单位：千元,"归属于上市公司股东的净利润（千元） 18,548,970",,,,false,needs_review,归属于上市公司股东的净利润，不与合并净利润或扣非净利润混同。,business/geography/product=consolidated,,,
宁德时代,300750.SZ,2025Q3,quarter,2025-07-01,2025-09-30,operating_cash_flow,经营活动现金流,21973.364,CNY million,CNY,group,,,,PRC_GAAP,reported_currency,company_disclosed,宁德时代新能源科技股份有限公司2025年年度报告摘要,https://www.catl.com/uploads/1/file/public/202603/20260310001119_eph6t9ivki.pdf,p.4 分季度主要会计数据，单位：千元,"经营活动产生的现金流量净额（千元） 21,973,364",,,,false,needs_review,CATL 合并口径经营活动现金流量净额；历史年度摘要季度表为直接单季，2026Q2 由正式 H1 累计减 Q1 累计并保留公式血缘。,business/geography/product=consolidated,公司年度报告摘要分季度表直接披露独立季度值；未由 H1/9M/FY 累计值拆分。,,
宁德时代,300750.SZ,2025Q3,quarter,2025-07-01,2025-09-30,revenue,营业收入,104185.734,CNY million,CNY,group,,,,PRC_GAAP,reported_currency,company_disclosed,宁德时代新能源科技股份有限公司2025年年度报告摘要,https://www.catl.com/uploads/1/file/public/202603/20260310001119_eph6t9ivki.pdf,p.4 分季度主要会计数据，单位：千元,"营业收入（千元） 104,185,734",,,,false,needs_review,宁德时代合并口径营业收入。年度报告摘要分季度表直接披露独立季度值。,business/geography/product=consolidated,,,
宁德时代,300750.SZ,2025Q4,quarter,2025-10-01,2025-12-31,net_income,净利润,23167.173,CNY million,CNY,group,,,,PRC_GAAP_attributable_to_parent,reported_currency,company_disclosed,宁德时代新能源科技股份有限公司2025年年度报告摘要,https://www.catl.com/uploads/1/file/public/202603/20260310001119_eph6t9ivki.pdf,p.4 分季度主要会计数据，单位：千元,"归属于上市公司股东的净利润（千元） 23,167,173",,,,false,needs_review,归属于上市公司股东的净利润，不与合并净利润或扣非净利润混同。,business/geography/product=consolidated,,,
宁德时代,300750.SZ,2025Q4,quarter,2025-10-01,2025-12-31,operating_cash_flow,经营活动现金流,52559.552,CNY million,CNY,group,,,,PRC_GAAP,reported_currency,company_disclosed,宁德时代新能源科技股份有限公司2025年年度报告摘要,https://www.catl.com/uploads/1/file/public/202603/20260310001119_eph6t9ivki.pdf,p.4 分季度主要会计数据，单位：千元,"经营活动产生的现金流量净额（千元） 52,559,552",,,,false,needs_review,CATL 合并口径经营活动现金流量净额；历史年度摘要季度表为直接单季，2026Q2 由正式 H1 累计减 Q1 累计并保留公式血缘。,business/geography/product=consolidated,公司年度报告摘要分季度表直接披露独立季度值；未由 H1/9M/FY 累计值拆分。,,
宁德时代,300750.SZ,2025Q4,quarter,2025-10-01,2025-12-31,revenue,营业收入,140629.847,CNY million,CNY,group,,,,PRC_GAAP,reported_currency,company_disclosed,宁德时代新能源科技股份有限公司2025年年度报告摘要,https://www.catl.com/uploads/1/file/public/202603/20260310001119_eph6t9ivki.pdf,p.4 分季度主要会计数据，单位：千元,"营业收入（千元） 140,629,847",,,,false,needs_review,宁德时代合并口径营业收入。年度报告摘要分季度表直接披露独立季度值。,business/geography/product=consolidated,,,
宁德时代,300750.SZ,2026Q1,quarter,2026-01-01,2026-03-31,net_income,净利润,20737.71,CNY million,CNY,group,,,,PRC_GAAP_attributable_to_parent,reported_currency,company_disclosed,宁德时代新能源科技股份有限公司2026年第一季度报告,https://www.catl.com/uploads/1/file/public/202604/20260415213228_0fxgc0dcvb.pdf,一、主要财务数据，本报告期，单位：千元,"归属于上市公司股东的净利润（千元） 20,737,710",,,,false,needs_review,归属于上市公司股东的净利润，不与合并净利润或扣非净利润混同。,business/geography/product=consolidated,,,
宁德时代,300750.SZ,2026Q1,quarter,2026-01-01,2026-03-31,operating_cash_flow,经营活动现金流,33680.852,CNY million,CNY,group,,,,PRC_GAAP,reported_currency,company_disclosed,宁德时代新能源科技股份有限公司2026年第一季度报告,https://www.catl.com/uploads/1/file/public/202604/20260415213228_0fxgc0dcvb.pdf,一、主要财务数据，本报告期，单位：千元,"经营活动产生的现金流量净额（千元） 33,680,852",,,,false,needs_review,CATL 合并口径经营活动现金流量净额；历史年度摘要季度表为直接单季，2026Q2 由正式 H1 累计减 Q1 累计并保留公式血缘。,business/geography/product=consolidated,公司年度报告摘要分季度表直接披露独立季度值；未由 H1/9M/FY 累计值拆分。,,
宁德时代,300750.SZ,2026Q1,quarter,2026-01-01,2026-03-31,revenue,营业收入,129131.041,CNY million,CNY,group,,,,PRC_GAAP,reported_currency,company_disclosed,宁德时代新能源科技股份有限公司2026年第一季度报告,https://www.catl.com/uploads/1/file/public/202604/20260415213228_0fxgc0dcvb.pdf,一、主要财务数据，本报告期，单位：千元,"营业收入（千元） 129,131,041",,,,false,needs_review,宁德时代合并口径营业收入。年度报告摘要分季度表直接披露独立季度值。,business/geography/product=consolidated,,,
宁德时代,300750.SZ / 03750.HK,2026H1,ytd_6m,2026-01-01,2026-06-30,net_income,净利润,43284.002,CNY million,CNY,group,,,,PRC_GAAP_attributable_to_parent,reported_currency,company_disclosed,"Contemporary Amperex Technology Co., Limited 2026 Interim Report",https://www1.hkexnews.hk/listedco/listconews/sehk/2026/0726/2026072600031.pdf,"Section II Financial Highlights, p.6; Reporting Period 2026-01-01 to 2026-06-30, RMB'000","归属于上市公司股东的净利润（RMB'000） 43,284,002",,,,false,needs_review,归属于上市公司股东的净利润，不与合并净利润或扣非净利润混同。,business/geography/product=consolidated,公司直接披露的 2026H1 累计值；不得当作 Q2 单季。,,
宁德时代,300750.SZ / 03750.HK,2026H1,ytd_6m,2026-01-01,2026-06-30,operating_cash_flow,经营活动现金流,60216.851,CNY million,CNY,group,,,,PRC_GAAP,reported_currency,company_disclosed,"Contemporary Amperex Technology Co., Limited 2026 Interim Report",https://www1.hkexnews.hk/listedco/listconews/sehk/2026/0726/2026072600031.pdf,"Section II Financial Highlights, p.6; Reporting Period 2026-01-01 to 2026-06-30, RMB'000","经营活动产生的现金流量净额（RMB'000） 60,216,851",,,,false,needs_review,CATL 合并口径经营活动现金流量净额；历史年度摘要季度表为直接单季，2026Q2 由正式 H1 累计减 Q1 累计并保留公式血缘。,business/geography/product=consolidated,公司直接披露的 2026H1 累计值；不得当作 Q2 单季。,,
宁德时代,300750.SZ / 03750.HK,2026H1,ytd_6m,2026-01-01,2026-06-30,revenue,营业收入,276916.58,CNY million,CNY,group,,,,PRC_GAAP,reported_currency,company_disclosed,"Contemporary Amperex Technology Co., Limited 2026 Interim Report",https://www1.hkexnews.hk/listedco/listconews/sehk/2026/0726/2026072600031.pdf,"Section II Financial Highlights, p.6; Reporting Period 2026-01-01 to 2026-06-30, RMB'000","营业收入（RMB'000） 276,916,580",,,,false,needs_review,宁德时代合并口径营业收入。年度报告摘要分季度表直接披露独立季度值。,business/geography/product=consolidated,公司直接披露的 2026H1 累计值；不得当作 Q2 单季。,,
宁德时代,300750.SZ / 03750.HK,2026Q2,quarter,2026-04-01,2026-06-30,net_income,净利润,22546.292,CNY million,CNY,group,,,,PRC_GAAP_attributable_to_parent,reported_currency,program_calculated,"Contemporary Amperex Technology Co., Limited 2026 Interim Report",https://www1.hkexnews.hk/listedco/listconews/sehk/2026/0726/2026072600031.pdf,"Section II Financial Highlights, p.6; Reporting Period 2026-01-01 to 2026-06-30, RMB'000","程序推导：2026H1 {""cumulative"": 43284.002, ""earlier"": 20737.71}；H1−Q1",累计期间值 - 前序累计期间值,"{""cumulative"":43284.002,""earlier"":20737.71}",同公司、指标、维度、币种、标准单位、basis、财政期起点且均为 current revision,false,needs_review,归属于上市公司股东的净利润，不与合并净利润或扣非净利润混同。,business/geography/product=consolidated,使用 production Formula Input Contract 中 ACTIVE 的 formula_q2_from_h1_minus_q1_v1；未新增或激活公式。,,
宁德时代,300750.SZ / 03750.HK,2026Q2,quarter,2026-04-01,2026-06-30,operating_cash_flow,经营活动现金流,26535.999,CNY million,CNY,group,,,,PRC_GAAP,reported_currency,program_calculated,"Contemporary Amperex Technology Co., Limited 2026 Interim Report",https://www1.hkexnews.hk/listedco/listconews/sehk/2026/0726/2026072600031.pdf,"Section II Financial Highlights, p.6; Reporting Period 2026-01-01 to 2026-06-30, RMB'000","程序推导：2026H1 {""cumulative"": 60216.851, ""earlier"": 33680.852}；H1−Q1",累计期间值 - 前序累计期间值,"{""cumulative"":60216.851,""earlier"":33680.852}",同公司、指标、维度、币种、标准单位、basis、财政期起点且均为 current revision,false,needs_review,CATL 合并口径经营活动现金流量净额；历史年度摘要季度表为直接单季，2026Q2 由正式 H1 累计减 Q1 累计并保留公式血缘。,business/geography/product=consolidated,使用 production Formula Input Contract 中 ACTIVE 的 formula_q2_from_h1_minus_q1_v1；未新增或激活公式。,,
宁德时代,300750.SZ / 03750.HK,2026Q2,quarter,2026-04-01,2026-06-30,revenue,营业收入,147785.539,CNY million,CNY,group,,,,PRC_GAAP,reported_currency,program_calculated,"Contemporary Amperex Technology Co., Limited 2026 Interim Report",https://www1.hkexnews.hk/listedco/listconews/sehk/2026/0726/2026072600031.pdf,"Section II Financial Highlights, p.6; Reporting Period 2026-01-01 to 2026-06-30, RMB'000","程序推导：2026H1 {""cumulative"": 276916.58, ""earlier"": 129131.041}；H1−Q1",累计期间值 - 前序累计期间值,"{""cumulative"":276916.58,""earlier"":129131.041}",同公司、指标、维度、币种、标准单位、basis、财政期起点且均为 current revision,false,needs_review,宁德时代合并口径营业收入。年度报告摘要分季度表直接披露独立季度值。,business/geography/product=consolidated,使用 production Formula Input Contract 中 ACTIVE 的 formula_q2_from_h1_minus_q1_v1；未新增或激活公式。,,
小鹏汽车,XPEV / 9868.HK,2024Q2,point_in_time,2024-06-30,2024-06-30,cash_and_equivalents,现金及现金等价物,14253.645,CNY million,CNY,group,,,,GAAP,reported_currency,company_disclosed,XPENG Reports Second Quarter 2024 Unaudited Financial Results,https://www.sec.gov/Archives/edgar/data/1810997/000119312524203410/d847062dex991.htm,"SEC Exhibit 99.1, Consolidated Balance Sheets, HTML table 24, row Cash and cash equivalents","Cash and cash equivalents: 14,253,645 RMB thousand",,,,false,needs_review,Cash and cash equivalents balance on XPeng's consolidated balance sheet.,"point-in-time consolidated balance; excludes restricted cash, time deposits and investments.",XPeng Second Company Production Qualification; source-verified candidate.,,
小鹏汽车,XPEV / 9868.HK,2024Q2,quarter,2024-04-01,2024-06-30,gross_margin,毛利率,6.4,%,,business=Vehicle sales,Vehicle sales,,,GAAP,reported_percentage,company_disclosed,XPENG Reports Second Quarter 2024 Unaudited Financial Results,https://www.sec.gov/Archives/edgar/data/1810997/000119312524203410/d847062dex991.htm,"SEC Exhibit 99.1, Operational and Financial Highlights",Vehicle margin was 6.4%,,,,false,needs_review,"Gross profit or loss of vehicle sales as a percentage of vehicle sales revenue, as defined by XPeng.",business=vehicle_sales; not consolidated gross margin.,XPeng Second Company Production Qualification; source-verified candidate.,,
小鹏汽车,XPEV / 9868.HK,2024Q2,quarter,2024-04-01,2024-06-30,gross_margin,毛利率,14,%,,group,,,,GAAP,reported_percentage,company_disclosed,XPENG Reports Second Quarter 2024 Unaudited Financial Results,https://www.sec.gov/Archives/edgar/data/1810997/000119312524203410/d847062dex991.htm,"SEC Exhibit 99.1, Operational and Financial Highlights",Gross margin was 14%,,,,false,needs_review,XPeng consolidated gross profit as a percentage of total revenues.,business/geography/product=consolidated; explicitly distinct from vehicle margin.,XPeng Second Company Production Qualification; source-verified candidate.,,
小鹏汽车,XPEV / 9868.HK,2024Q2,quarter,2024-04-01,2024-06-30,gross_profit,毛利润,1135.79,CNY million,CNY,group,,,,GAAP,reported_currency,company_disclosed,XPENG Reports Second Quarter 2024 Unaudited Financial Results,https://www.sec.gov/Archives/edgar/data/1810997/000119312524203410/d847062dex991.htm,"SEC Exhibit 99.1, Unaudited Condensed Consolidated Statements of Comprehensive Profit/(Loss), HTML table 26, row Gross (loss) profit","Gross (loss) profit: 1,135,790 RMB thousand",,,,false,needs_review,Consolidated gross profit/loss after total cost of sales in XPeng's GAAP results.,business/geography/product=consolidated; not vehicle-only gross profit.,XPeng Second Company Production Qualification; source-verified candidate.,,
小鹏汽车,XPEV / 9868.HK,2024Q2,point_in_time,2024-06-30,2024-06-30,inventory,存货,5565.776,CNY million,CNY,group,,,,GAAP,reported_currency,company_disclosed,XPENG Reports Second Quarter 2024 Unaudited Financial Results,https://www.sec.gov/Archives/edgar/data/1810997/000119312524203410/d847062dex991.htm,"SEC Exhibit 99.1, Consolidated Balance Sheets, HTML table 24, row Inventory","Inventory: 5,565,776 RMB thousand",,,,false,needs_review,Inventory balance on XPeng's consolidated balance sheet.,point-in-time consolidated balance.,XPeng Second Company Production Qualification; source-verified candidate.,,
小鹏汽车,XPEV / 9868.HK,2024Q2,quarter,2024-04-01,2024-06-30,net_income,净利润,-1284.681,CNY million,CNY,group,,,,GAAP,reported_currency,company_disclosed,XPENG Reports Second Quarter 2024 Unaudited Financial Results,https://www.sec.gov/Archives/edgar/data/1810997/000119312524203410/d847062dex991.htm,"SEC Exhibit 99.1, Unaudited Condensed Consolidated Statements of Comprehensive Profit/(Loss), HTML table 26, row Net loss","Net loss: -1,284,681 RMB thousand",,,,false,needs_review,XPeng consolidated GAAP net profit/loss; losses are stored as negative values.,business/geography/product=consolidated; not net income attributable to ordinary shareholders.,XPeng Second Company Production Qualification; source-verified candidate.,,
小鹏汽车,XPEV / 9868.HK,2024Q2,quarter,2024-04-01,2024-06-30,net_income,净利润,-1220.037,CNY million,CNY,group,,,,Non-GAAP,reported_currency,company_disclosed,XPENG Reports Second Quarter 2024 Unaudited Financial Results,https://www.sec.gov/Archives/edgar/data/1810997/000119312524203410/d847062dex991.htm,"SEC Exhibit 99.1, Unaudited Condensed Consolidated Statements of Comprehensive Profit/(Loss), HTML table 28, row Non-GAAP net loss","Non-GAAP net loss: -1,220,037 RMB thousand",,,,false,needs_review,"Non-GAAP net income/loss excluding share-based compensation, fair value gain/loss on derivative liability, and fair value gain/loss on derivative liability relating to contingent consideration.",consolidated non-GAAP measure; effective 2024Q2-2024Q4; not comparable to GAAP or the post-2025Q1 definition without an explicit bridge.,XPeng Second Company Production Qualification; source-verified candidate.,,
小鹏汽车,XPEV / 9868.HK,2024Q2,quarter,2024-04-01,2024-06-30,operating_income,营业利润,-1609.058,CNY million,CNY,group,,,,GAAP,reported_currency,company_disclosed,XPENG Reports Second Quarter 2024 Unaudited Financial Results,https://www.sec.gov/Archives/edgar/data/1810997/000119312524203410/d847062dex991.htm,"SEC Exhibit 99.1, Unaudited Condensed Consolidated Statements of Comprehensive Profit/(Loss), HTML table 26, row Loss from operations","Loss from operations: -1,609,058 RMB thousand",,,,false,needs_review,Consolidated profit or loss from operations under GAAP; losses are stored as negative values.,business/geography/product=consolidated.,XPeng Second Company Production Qualification; source-verified candidate.,,
小鹏汽车,XPEV / 9868.HK,2024Q2,quarter,2024-04-01,2024-06-30,revenue,营业收入,1292.54,CNY million,CNY,business=Services and others,Services and others,,,GAAP,reported_currency,company_disclosed,XPENG Reports Second Quarter 2024 Unaudited Financial Results,https://www.sec.gov/Archives/edgar/data/1810997/000119312524203410/d847062dex991.htm,"SEC Exhibit 99.1, Unaudited Condensed Consolidated Statements of Comprehensive Profit/(Loss), HTML table 26, row Services and others","Services and others: 1,292,540 RMB thousand",,,,false,needs_review,Revenue from services and others reported by XPeng Inc.,business=services_and_others; component of consolidated total revenue.,XPeng Second Company Production Qualification; source-verified candidate.,,
小鹏汽车,XPEV / 9868.HK,2024Q2,quarter,2024-04-01,2024-06-30,revenue,营业收入,6818.867,CNY million,CNY,business=Vehicle sales,Vehicle sales,,,GAAP,reported_currency,company_disclosed,XPENG Reports Second Quarter 2024 Unaudited Financial Results,https://www.sec.gov/Archives/edgar/data/1810997/000119312524203410/d847062dex991.htm,"SEC Exhibit 99.1, Unaudited Condensed Consolidated Statements of Comprehensive Profit/(Loss), HTML table 26, row Vehicle sales","Vehicle sales: 6,818,867 RMB thousand",,,,false,needs_review,Revenue from vehicle sales reported by XPeng Inc.,business=vehicle_sales; component of consolidated total revenue; not vehicle deliveries.,XPeng Second Company Production Qualification; source-verified candidate.,,
小鹏汽车,XPEV / 9868.HK,2024Q2,quarter,2024-04-01,2024-06-30,revenue,营业收入,8111.407,CNY million,CNY,group,,,,GAAP,reported_currency,company_disclosed,XPENG Reports Second Quarter 2024 Unaudited Financial Results,https://www.sec.gov/Archives/edgar/data/1810997/000119312524203410/d847062dex991.htm,"SEC Exhibit 99.1, Unaudited Condensed Consolidated Statements of Comprehensive Profit/(Loss), HTML table 26, row Total revenues","Total revenues: 8,111,407 RMB thousand",,,,false,needs_review,XPeng Inc. consolidated Total revenues in the unaudited condensed consolidated statement of comprehensive loss/profit.,business/geography/product=consolidated; equals vehicle sales plus services and others revenue.,XPeng Second Company Production Qualification; source-verified candidate.,,
小鹏汽车,XPEV / 9868.HK,2024Q2,quarter,2024-04-01,2024-06-30,rnd_expense,研发费用,1466.752,CNY million,CNY,group,,,,GAAP,reported_currency,company_disclosed,XPENG Reports Second Quarter 2024 Unaudited Financial Results,https://www.sec.gov/Archives/edgar/data/1810997/000119312524203410/d847062dex991.htm,"SEC Exhibit 99.1, Unaudited Condensed Consolidated Statements of Comprehensive Profit/(Loss), HTML table 26, row Research and development expenses","Research and development expenses: 1,466,752 RMB thousand (statement presents the expense in parentheses; stored as positive expense magnitude)",,,,false,needs_review,"Research and development expenses, stored as a positive expense magnitude.",business/geography/product=consolidated.,XPeng Second Company Production Qualification; source-verified candidate.,,
小鹏汽车,XPEV / 9868.HK,2024Q2,quarter,2024-04-01,2024-06-30,sga_expense,销售及管理费用,1573.601,CNY million,CNY,group,,,,GAAP,reported_currency,company_disclosed,XPENG Reports Second Quarter 2024 Unaudited Financial Results,https://www.sec.gov/Archives/edgar/data/1810997/000119312524203410/d847062dex991.htm,"SEC Exhibit 99.1, Unaudited Condensed Consolidated Statements of Comprehensive Profit/(Loss), HTML table 26, row Selling, general and administrative expenses","Selling, general and administrative expenses: 1,573,601 RMB thousand (statement presents the expense in parentheses; stored as positive expense magnitude)",,,,false,needs_review,"Selling, general and administrative expenses, stored as a positive expense magnitude.",business/geography/product=consolidated.,XPeng Second Company Production Qualification; source-verified candidate.,,
小鹏汽车,XPEV / 9868.HK,2024Q2,quarter,2024-04-01,2024-06-30,vehicle_deliveries,整车交付量,30207,辆,,group,,,,Company-reported,reported_vehicle_count,company_disclosed,XPENG Reports Second Quarter 2024 Unaudited Financial Results,https://www.sec.gov/Archives/edgar/data/1810997/000119312524203410/d847062dex991.htm,"SEC Exhibit 99.1, Operational and Financial Highlights","Total deliveries of vehicles were 30,207",,,,false,needs_review,Total deliveries of XPeng vehicles during the fiscal quarter.,company-wide operating metric; unit=vehicles; not a revenue or monetary measurement.,XPeng Second Company Production Qualification; source-verified candidate.,,
小鹏汽车,XPEV / 9868.HK,2024Q3,point_in_time,2024-09-30,2024-09-30,cash_and_equivalents,现金及现金等价物,10660.654,CNY million,CNY,group,,,,GAAP,reported_currency,company_disclosed,XPENG Reports Third Quarter 2024 Unaudited Financial Results,https://www.sec.gov/Archives/edgar/data/1810997/000119312524261300/d858595dex991.htm,"SEC Exhibit 99.1, Consolidated Balance Sheets, HTML table 23, row Cash and cash equivalents","Cash and cash equivalents: 10,660,654 RMB thousand",,,,false,needs_review,Cash and cash equivalents balance on XPeng's consolidated balance sheet.,"point-in-time consolidated balance; excludes restricted cash, time deposits and investments.",XPeng Second Company Production Qualification; source-verified candidate.,,
小鹏汽车,XPEV / 9868.HK,2024Q3,quarter,2024-07-01,2024-09-30,gross_margin,毛利率,8.6,%,,business=Vehicle sales,Vehicle sales,,,GAAP,reported_percentage,company_disclosed,XPENG Reports Third Quarter 2024 Unaudited Financial Results,https://www.sec.gov/Archives/edgar/data/1810997/000119312524261300/d858595dex991.htm,"SEC Exhibit 99.1, Operational and Financial Highlights",Vehicle margin was 8.6%,,,,false,needs_review,"Gross profit or loss of vehicle sales as a percentage of vehicle sales revenue, as defined by XPeng.",business=vehicle_sales; not consolidated gross margin.,XPeng Second Company Production Qualification; source-verified candidate.,,
小鹏汽车,XPEV / 9868.HK,2024Q3,quarter,2024-07-01,2024-09-30,gross_margin,毛利率,15.3,%,,group,,,,GAAP,reported_percentage,company_disclosed,XPENG Reports Third Quarter 2024 Unaudited Financial Results,https://www.sec.gov/Archives/edgar/data/1810997/000119312524261300/d858595dex991.htm,"SEC Exhibit 99.1, Operational and Financial Highlights",Gross margin was 15.3%,,,,false,needs_review,XPeng consolidated gross profit as a percentage of total revenues.,business/geography/product=consolidated; explicitly distinct from vehicle margin.,XPeng Second Company Production Qualification; source-verified candidate.,,
小鹏汽车,XPEV / 9868.HK,2024Q3,quarter,2024-07-01,2024-09-30,gross_profit,毛利润,1541.448,CNY million,CNY,group,,,,GAAP,reported_currency,company_disclosed,XPENG Reports Third Quarter 2024 Unaudited Financial Results,https://www.sec.gov/Archives/edgar/data/1810997/000119312524261300/d858595dex991.htm,"SEC Exhibit 99.1, Unaudited Condensed Consolidated Statements of Comprehensive Profit/(Loss), HTML table 25, row Gross (loss) profit","Gross (loss) profit: 1,541,448 RMB thousand",,,,false,needs_review,Consolidated gross profit/loss after total cost of sales in XPeng's GAAP results.,business/geography/product=consolidated; not vehicle-only gross profit.,XPeng Second Company Production Qualification; source-verified candidate.,,
小鹏汽车,XPEV / 9868.HK,2024Q3,point_in_time,2024-09-30,2024-09-30,inventory,存货,6142.463,CNY million,CNY,group,,,,GAAP,reported_currency,company_disclosed,XPENG Reports Third Quarter 2024 Unaudited Financial Results,https://www.sec.gov/Archives/edgar/data/1810997/000119312524261300/d858595dex991.htm,"SEC Exhibit 99.1, Consolidated Balance Sheets, HTML table 23, row Inventory","Inventory: 6,142,463 RMB thousand",,,,false,needs_review,Inventory balance on XPeng's consolidated balance sheet.,point-in-time consolidated balance.,XPeng Second Company Production Qualification; source-verified candidate.,,
小鹏汽车,XPEV / 9868.HK,2024Q3,quarter,2024-07-01,2024-09-30,net_income,净利润,-1807.72,CNY million,CNY,group,,,,GAAP,reported_currency,company_disclosed,XPENG Reports Third Quarter 2024 Unaudited Financial Results,https://www.sec.gov/Archives/edgar/data/1810997/000119312524261300/d858595dex991.htm,"SEC Exhibit 99.1, Unaudited Condensed Consolidated Statements of Comprehensive Profit/(Loss), HTML table 25, row Net loss","Net loss: -1,807,720 RMB thousand",,,,false,needs_review,XPeng consolidated GAAP net profit/loss; losses are stored as negative values.,business/geography/product=consolidated; not net income attributable to ordinary shareholders.,XPeng Second Company Production Qualification; source-verified candidate.,,
小鹏汽车,XPEV / 9868.HK,2024Q3,quarter,2024-07-01,2024-09-30,net_income,净利润,-1531.572,CNY million,CNY,group,,,,Non-GAAP,reported_currency,company_disclosed,XPENG Reports Third Quarter 2024 Unaudited Financial Results,https://www.sec.gov/Archives/edgar/data/1810997/000119312524261300/d858595dex991.htm,"SEC Exhibit 99.1, Unaudited Condensed Consolidated Statements of Comprehensive Profit/(Loss), HTML table 27, row Non-GAAP net loss","Non-GAAP net loss: -1,531,572 RMB thousand",,,,false,needs_review,"Non-GAAP net income/loss excluding share-based compensation, fair value gain/loss on derivative liability, and fair value gain/loss on derivative liability relating to contingent consideration.",consolidated non-GAAP measure; effective 2024Q2-2024Q4; not comparable to GAAP or the post-2025Q1 definition without an explicit bridge.,XPeng Second Company Production Qualification; source-verified candidate.,,
小鹏汽车,XPEV / 9868.HK,2024Q3,quarter,2024-07-01,2024-09-30,operating_income,营业利润,-1847.096,CNY million,CNY,group,,,,GAAP,reported_currency,company_disclosed,XPENG Reports Third Quarter 2024 Unaudited Financial Results,https://www.sec.gov/Archives/edgar/data/1810997/000119312524261300/d858595dex991.htm,"SEC Exhibit 99.1, Unaudited Condensed Consolidated Statements of Comprehensive Profit/(Loss), HTML table 25, row Loss from operations","Loss from operations: -1,847,096 RMB thousand",,,,false,needs_review,Consolidated profit or loss from operations under GAAP; losses are stored as negative values.,business/geography/product=consolidated.,XPeng Second Company Production Qualification; source-verified candidate.,,
小鹏汽车,XPEV / 9868.HK,2024Q3,quarter,2024-07-01,2024-09-30,revenue,营业收入,1306.699,CNY million,CNY,business=Services and others,Services and others,,,GAAP,reported_currency,company_disclosed,XPENG Reports Third Quarter 2024 Unaudited Financial Results,https://www.sec.gov/Archives/edgar/data/1810997/000119312524261300/d858595dex991.htm,"SEC Exhibit 99.1, Unaudited Condensed Consolidated Statements of Comprehensive Profit/(Loss), HTML table 25, row Services and others","Services and others: 1,306,699 RMB thousand",,,,false,needs_review,Revenue from services and others reported by XPeng Inc.,business=services_and_others; component of consolidated total revenue.,XPeng Second Company Production Qualification; source-verified candidate.,,
小鹏汽车,XPEV / 9868.HK,2024Q3,quarter,2024-07-01,2024-09-30,revenue,营业收入,8795.011,CNY million,CNY,business=Vehicle sales,Vehicle sales,,,GAAP,reported_currency,company_disclosed,XPENG Reports Third Quarter 2024 Unaudited Financial Results,https://www.sec.gov/Archives/edgar/data/1810997/000119312524261300/d858595dex991.htm,"SEC Exhibit 99.1, Unaudited Condensed Consolidated Statements of Comprehensive Profit/(Loss), HTML table 25, row Vehicle sales","Vehicle sales: 8,795,011 RMB thousand",,,,false,needs_review,Revenue from vehicle sales reported by XPeng Inc.,business=vehicle_sales; component of consolidated total revenue; not vehicle deliveries.,XPeng Second Company Production Qualification; source-verified candidate.,,
小鹏汽车,XPEV / 9868.HK,2024Q3,quarter,2024-07-01,2024-09-30,revenue,营业收入,10101.71,CNY million,CNY,group,,,,GAAP,reported_currency,company_disclosed,XPENG Reports Third Quarter 2024 Unaudited Financial Results,https://www.sec.gov/Archives/edgar/data/1810997/000119312524261300/d858595dex991.htm,"SEC Exhibit 99.1, Unaudited Condensed Consolidated Statements of Comprehensive Profit/(Loss), HTML table 25, row Total revenues","Total revenues: 10,101,710 RMB thousand",,,,false,needs_review,XPeng Inc. consolidated Total revenues in the unaudited condensed consolidated statement of comprehensive loss/profit.,business/geography/product=consolidated; equals vehicle sales plus services and others revenue.,XPeng Second Company Production Qualification; source-verified candidate.,,
小鹏汽车,XPEV / 9868.HK,2024Q3,quarter,2024-07-01,2024-09-30,rnd_expense,研发费用,1633.071,CNY million,CNY,group,,,,GAAP,reported_currency,company_disclosed,XPENG Reports Third Quarter 2024 Unaudited Financial Results,https://www.sec.gov/Archives/edgar/data/1810997/000119312524261300/d858595dex991.htm,"SEC Exhibit 99.1, Unaudited Condensed Consolidated Statements of Comprehensive Profit/(Loss), HTML table 25, row Research and development expenses","Research and development expenses: 1,633,071 RMB thousand (statement presents the expense in parentheses; stored as positive expense magnitude)",,,,false,needs_review,"Research and development expenses, stored as a positive expense magnitude.",business/geography/product=consolidated.,XPeng Second Company Production Qualification; source-verified candidate.,,
小鹏汽车,XPEV / 9868.HK,2024Q3,quarter,2024-07-01,2024-09-30,sga_expense,销售及管理费用,1633.196,CNY million,CNY,group,,,,GAAP,reported_currency,company_disclosed,XPENG Reports Third Quarter 2024 Unaudited Financial Results,https://www.sec.gov/Archives/edgar/data/1810997/000119312524261300/d858595dex991.htm,"SEC Exhibit 99.1, Unaudited Condensed Consolidated Statements of Comprehensive Profit/(Loss), HTML table 25, row Selling, general and administrative expenses","Selling, general and administrative expenses: 1,633,196 RMB thousand (statement presents the expense in parentheses; stored as positive expense magnitude)",,,,false,needs_review,"Selling, general and administrative expenses, stored as a positive expense magnitude.",business/geography/product=consolidated.,XPeng Second Company Production Qualification; source-verified candidate.,,
小鹏汽车,XPEV / 9868.HK,2024Q3,quarter,2024-07-01,2024-09-30,vehicle_deliveries,整车交付量,46533,辆,,group,,,,Company-reported,reported_vehicle_count,company_disclosed,XPENG Reports Third Quarter 2024 Unaudited Financial Results,https://www.sec.gov/Archives/edgar/data/1810997/000119312524261300/d858595dex991.htm,"SEC Exhibit 99.1, Operational and Financial Highlights","Total deliveries of vehicles were 46,533",,,,false,needs_review,Total deliveries of XPeng vehicles during the fiscal quarter.,company-wide operating metric; unit=vehicles; not a revenue or monetary measurement.,XPeng Second Company Production Qualification; source-verified candidate.,,
小鹏汽车,XPEV / 9868.HK,2024Q4,point_in_time,2024-12-31,2024-12-31,cash_and_equivalents,现金及现金等价物,18586.274,CNY million,CNY,group,,,,GAAP,reported_currency,company_disclosed,XPENG Reports Fourth Quarter and Fiscal Year 2024 Unaudited Financial Results,https://www.sec.gov/Archives/edgar/data/1810997/000119312525056220/d829413dex991.htm,"SEC Exhibit 99.1, Consolidated Balance Sheets, HTML table 30, row Cash and cash equivalents","Cash and cash equivalents: 18,586,274 RMB thousand",,,,false,needs_review,Cash and cash equivalents balance on XPeng's consolidated balance sheet.,"point-in-time consolidated balance; excludes restricted cash, time deposits and investments.",XPeng Second Company Production Qualification; source-verified candidate.,,
小鹏汽车,XPEV / 9868.HK,2024Q4,quarter,2024-10-01,2024-12-31,gross_margin,毛利率,10,%,,business=Vehicle sales,Vehicle sales,,,GAAP,reported_percentage,company_disclosed,XPENG Reports Fourth Quarter and Fiscal Year 2024 Unaudited Financial Results,https://www.sec.gov/Archives/edgar/data/1810997/000119312525056220/d829413dex991.htm,"SEC Exhibit 99.1, Operational and Financial Highlights",Vehicle margin was 10%,,,,false,needs_review,"Gross profit or loss of vehicle sales as a percentage of vehicle sales revenue, as defined by XPeng.",business=vehicle_sales; not consolidated gross margin.,XPeng Second Company Production Qualification; source-verified candidate.,,
小鹏汽车,XPEV / 9868.HK,2024Q4,quarter,2024-10-01,2024-12-31,gross_margin,毛利率,14.4,%,,group,,,,GAAP,reported_percentage,company_disclosed,XPENG Reports Fourth Quarter and Fiscal Year 2024 Unaudited Financial Results,https://www.sec.gov/Archives/edgar/data/1810997/000119312525056220/d829413dex991.htm,"SEC Exhibit 99.1, Operational and Financial Highlights",Gross margin was 14.4%,,,,false,needs_review,XPeng consolidated gross profit as a percentage of total revenues.,business/geography/product=consolidated; explicitly distinct from vehicle margin.,XPeng Second Company Production Qualification; source-verified candidate.,,
小鹏汽车,XPEV / 9868.HK,2024Q4,quarter,2024-10-01,2024-12-31,gross_profit,毛利润,2324.777,CNY million,CNY,group,,,,GAAP,reported_currency,company_disclosed,XPENG Reports Fourth Quarter and Fiscal Year 2024 Unaudited Financial Results,https://www.sec.gov/Archives/edgar/data/1810997/000119312525056220/d829413dex991.htm,"SEC Exhibit 99.1, Unaudited Condensed Consolidated Statements of Comprehensive Profit/(Loss), HTML table 32, row Gross profit","Gross profit: 2,324,777 RMB thousand",,,,false,needs_review,Consolidated gross profit/loss after total cost of sales in XPeng's GAAP results.,business/geography/product=consolidated; not vehicle-only gross profit.,XPeng Second Company Production Qualification; source-verified candidate.,,
小鹏汽车,XPEV / 9868.HK,2024Q4,point_in_time,2024-12-31,2024-12-31,inventory,存货,5562.922,CNY million,CNY,group,,,,GAAP,reported_currency,company_disclosed,XPENG Reports Fourth Quarter and Fiscal Year 2024 Unaudited Financial Results,https://www.sec.gov/Archives/edgar/data/1810997/000119312525056220/d829413dex991.htm,"SEC Exhibit 99.1, Consolidated Balance Sheets, HTML table 30, row Inventory","Inventory: 5,562,922 RMB thousand",,,,false,needs_review,Inventory balance on XPeng's consolidated balance sheet.,point-in-time consolidated balance.,XPeng Second Company Production Qualification; source-verified candidate.,,
小鹏汽车,XPEV / 9868.HK,2024Q4,quarter,2024-10-01,2024-12-31,net_income,净利润,-1329.973,CNY million,CNY,group,,,,GAAP,reported_currency,company_disclosed,XPENG Reports Fourth Quarter and Fiscal Year 2024 Unaudited Financial Results,https://www.sec.gov/Archives/edgar/data/1810997/000119312525056220/d829413dex991.htm,"SEC Exhibit 99.1, Unaudited Condensed Consolidated Statements of Comprehensive Profit/(Loss), HTML table 32, row Net loss","Net loss: -1,329,973 RMB thousand",,,,false,needs_review,XPeng consolidated GAAP net profit/loss; losses are stored as negative values.,business/geography/product=consolidated; not net income attributable to ordinary shareholders.,XPeng Second Company Production Qualification; source-verified candidate.,,
小鹏汽车,XPEV / 9868.HK,2024Q4,quarter,2024-10-01,2024-12-31,net_income,净利润,-1390.935,CNY million,CNY,group,,,,Non-GAAP,reported_currency,company_disclosed,XPENG Reports Fourth Quarter and Fiscal Year 2024 Unaudited Financial Results,https://www.sec.gov/Archives/edgar/data/1810997/000119312525056220/d829413dex991.htm,"SEC Exhibit 99.1, Unaudited Condensed Consolidated Statements of Comprehensive Profit/(Loss), HTML table 34, row Non-GAAP net loss","Non-GAAP net loss: -1,390,935 RMB thousand",,,,false,needs_review,"Non-GAAP net income/loss excluding share-based compensation, fair value gain/loss on derivative liability, and fair value gain/loss on derivative liability relating to contingent consideration.",consolidated non-GAAP measure; effective 2024Q2-2024Q4; not comparable to GAAP or the post-2025Q1 definition without an explicit bridge.,XPeng Second Company Production Qualification; source-verified candidate.,,
小鹏汽车,XPEV / 9868.HK,2024Q4,quarter,2024-10-01,2024-12-31,operating_income,营业利润,-1556.013,CNY million,CNY,group,,,,GAAP,reported_currency,company_disclosed,XPENG Reports Fourth Quarter and Fiscal Year 2024 Unaudited Financial Results,https://www.sec.gov/Archives/edgar/data/1810997/000119312525056220/d829413dex991.htm,"SEC Exhibit 99.1, Unaudited Condensed Consolidated Statements of Comprehensive Profit/(Loss), HTML table 32, row Loss from operations","Loss from operations: -1,556,013 RMB thousand",,,,false,needs_review,Consolidated profit or loss from operations under GAAP; losses are stored as negative values.,business/geography/product=consolidated.,XPeng Second Company Production Qualification; source-verified candidate.,,
小鹏汽车,XPEV / 9868.HK,2024Q4,quarter,2024-10-01,2024-12-31,revenue,营业收入,1433.968,CNY million,CNY,business=Services and others,Services and others,,,GAAP,reported_currency,company_disclosed,XPENG Reports Fourth Quarter and Fiscal Year 2024 Unaudited Financial Results,https://www.sec.gov/Archives/edgar/data/1810997/000119312525056220/d829413dex991.htm,"SEC Exhibit 99.1, Unaudited Condensed Consolidated Statements of Comprehensive Profit/(Loss), HTML table 32, row Services and others","Services and others: 1,433,968 RMB thousand",,,,false,needs_review,Revenue from services and others reported by XPeng Inc.,business=services_and_others; component of consolidated total revenue.,XPeng Second Company Production Qualification; source-verified candidate.,,
小鹏汽车,XPEV / 9868.HK,2024Q4,quarter,2024-10-01,2024-12-31,revenue,营业收入,14671.128,CNY million,CNY,business=Vehicle sales,Vehicle sales,,,GAAP,reported_currency,company_disclosed,XPENG Reports Fourth Quarter and Fiscal Year 2024 Unaudited Financial Results,https://www.sec.gov/Archives/edgar/data/1810997/000119312525056220/d829413dex991.htm,"SEC Exhibit 99.1, Unaudited Condensed Consolidated Statements of Comprehensive Profit/(Loss), HTML table 32, row Vehicle sales","Vehicle sales: 14,671,128 RMB thousand",,,,false,needs_review,Revenue from vehicle sales reported by XPeng Inc.,business=vehicle_sales; component of consolidated total revenue; not vehicle deliveries.,XPeng Second Company Production Qualification; source-verified candidate.,,
小鹏汽车,XPEV / 9868.HK,2024Q4,quarter,2024-10-01,2024-12-31,revenue,营业收入,16105.096,CNY million,CNY,group,,,,GAAP,reported_currency,company_disclosed,XPENG Reports Fourth Quarter and Fiscal Year 2024 Unaudited Financial Results,https://www.sec.gov/Archives/edgar/data/1810997/000119312525056220/d829413dex991.htm,"SEC Exhibit 99.1, Unaudited Condensed Consolidated Statements of Comprehensive Profit/(Loss), HTML table 32, row Total revenues","Total revenues: 16,105,096 RMB thousand",,,,false,needs_review,XPeng Inc. consolidated Total revenues in the unaudited condensed consolidated statement of comprehensive loss/profit.,business/geography/product=consolidated; equals vehicle sales plus services and others revenue.,XPeng Second Company Production Qualification; source-verified candidate.,,
小鹏汽车,XPEV / 9868.HK,2024Q4,quarter,2024-10-01,2024-12-31,rnd_expense,研发费用,2006.463,CNY million,CNY,group,,,,GAAP,reported_currency,company_disclosed,XPENG Reports Fourth Quarter and Fiscal Year 2024 Unaudited Financial Results,https://www.sec.gov/Archives/edgar/data/1810997/000119312525056220/d829413dex991.htm,"SEC Exhibit 99.1, Unaudited Condensed Consolidated Statements of Comprehensive Profit/(Loss), HTML table 32, row Research and development expenses","Research and development expenses: 2,006,463 RMB thousand (statement presents the expense in parentheses; stored as positive expense magnitude)",,,,false,needs_review,"Research and development expenses, stored as a positive expense magnitude.",business/geography/product=consolidated.,XPeng Second Company Production Qualification; source-verified candidate.,,
小鹏汽车,XPEV / 9868.HK,2024Q4,quarter,2024-10-01,2024-12-31,sga_expense,销售及管理费用,2275.4,CNY million,CNY,group,,,,GAAP,reported_currency,company_disclosed,XPENG Reports Fourth Quarter and Fiscal Year 2024 Unaudited Financial Results,https://www.sec.gov/Archives/edgar/data/1810997/000119312525056220/d829413dex991.htm,"SEC Exhibit 99.1, Unaudited Condensed Consolidated Statements of Comprehensive Profit/(Loss), HTML table 32, row Selling, general and administrative expenses","Selling, general and administrative expenses: 2,275,400 RMB thousand (statement presents the expense in parentheses; stored as positive expense magnitude)",,,,false,needs_review,"Selling, general and administrative expenses, stored as a positive expense magnitude.",business/geography/product=consolidated.,XPeng Second Company Production Qualification; source-verified candidate.,,
小鹏汽车,XPEV / 9868.HK,2024Q4,quarter,2024-10-01,2024-12-31,vehicle_deliveries,整车交付量,91507,辆,,group,,,,Company-reported,reported_vehicle_count,company_disclosed,XPENG Reports Fourth Quarter and Fiscal Year 2024 Unaudited Financial Results,https://www.sec.gov/Archives/edgar/data/1810997/000119312525056220/d829413dex991.htm,"SEC Exhibit 99.1, Operational and Financial Highlights","Total deliveries of vehicles were 91,507",,,,false,needs_review,Total deliveries of XPeng vehicles during the fiscal quarter.,company-wide operating metric; unit=vehicles; not a revenue or monetary measurement.,XPeng Second Company Production Qualification; source-verified candidate.,,
小鹏汽车,XPEV / 9868.HK,2025Q1,point_in_time,2025-03-31,2025-03-31,cash_and_equivalents,现金及现金等价物,17758.846,CNY million,CNY,group,,,,GAAP,reported_currency,company_disclosed,XPENG Reports First Quarter 2025 Unaudited Financial Results,https://www.sec.gov/Archives/edgar/data/1810997/000119312525123650/d13244dex991.htm,"SEC Exhibit 99.1, Consolidated Balance Sheets, HTML table 25, row Cash and cash equivalents","Cash and cash equivalents: 17,758,846 RMB thousand",,,,false,needs_review,Cash and cash equivalents balance on XPeng's consolidated balance sheet.,"point-in-time consolidated balance; excludes restricted cash, time deposits and investments.",XPeng Second Company Production Qualification; source-verified candidate.,,
小鹏汽车,XPEV / 9868.HK,2025Q1,quarter,2025-01-01,2025-03-31,gross_margin,毛利率,10.5,%,,business=Vehicle sales,Vehicle sales,,,GAAP,reported_percentage,company_disclosed,XPENG Reports First Quarter 2025 Unaudited Financial Results,https://www.sec.gov/Archives/edgar/data/1810997/000119312525123650/d13244dex991.htm,"SEC Exhibit 99.1, Operational and Financial Highlights",Vehicle margin was 10.5%,,,,false,needs_review,"Gross profit or loss of vehicle sales as a percentage of vehicle sales revenue, as defined by XPeng.",business=vehicle_sales; not consolidated gross margin.,XPeng Second Company Production Qualification; source-verified candidate.,,
小鹏汽车,XPEV / 9868.HK,2025Q1,quarter,2025-01-01,2025-03-31,gross_margin,毛利率,15.6,%,,group,,,,GAAP,reported_percentage,company_disclosed,XPENG Reports First Quarter 2025 Unaudited Financial Results,https://www.sec.gov/Archives/edgar/data/1810997/000119312525123650/d13244dex991.htm,"SEC Exhibit 99.1, Operational and Financial Highlights",Gross margin was 15.6%,,,,false,needs_review,XPeng consolidated gross profit as a percentage of total revenues.,business/geography/product=consolidated; explicitly distinct from vehicle margin.,XPeng Second Company Production Qualification; source-verified candidate.,,
小鹏汽车,XPEV / 9868.HK,2025Q1,quarter,2025-01-01,2025-03-31,gross_profit,毛利润,2459.53,CNY million,CNY,group,,,,GAAP,reported_currency,company_disclosed,XPENG Reports First Quarter 2025 Unaudited Financial Results,https://www.sec.gov/Archives/edgar/data/1810997/000119312525123650/d13244dex991.htm,"SEC Exhibit 99.1, Unaudited Condensed Consolidated Statements of Comprehensive Profit/(Loss), HTML table 27, row Gross profit","Gross profit: 2,459,530 RMB thousand",,,,false,needs_review,Consolidated gross profit/loss after total cost of sales in XPeng's GAAP results.,business/geography/product=consolidated; not vehicle-only gross profit.,XPeng Second Company Production Qualification; source-verified candidate.,,
小鹏汽车,XPEV / 9868.HK,2025Q1,point_in_time,2025-03-31,2025-03-31,inventory,存货,5968.952,CNY million,CNY,group,,,,GAAP,reported_currency,company_disclosed,XPENG Reports First Quarter 2025 Unaudited Financial Results,https://www.sec.gov/Archives/edgar/data/1810997/000119312525123650/d13244dex991.htm,"SEC Exhibit 99.1, Consolidated Balance Sheets, HTML table 25, row Inventory","Inventory: 5,968,952 RMB thousand",,,,false,needs_review,Inventory balance on XPeng's consolidated balance sheet.,point-in-time consolidated balance.,XPeng Second Company Production Qualification; source-verified candidate.,,
小鹏汽车,XPEV / 9868.HK,2025Q1,quarter,2025-01-01,2025-03-31,net_income,净利润,-664.046,CNY million,CNY,group,,,,GAAP,reported_currency,company_disclosed,XPENG Reports First Quarter 2025 Unaudited Financial Results,https://www.sec.gov/Archives/edgar/data/1810997/000119312525123650/d13244dex991.htm,"SEC Exhibit 99.1, Unaudited Condensed Consolidated Statements of Comprehensive Profit/(Loss), HTML table 27, row Net loss","Net loss: -664,046 RMB thousand",,,,false,needs_review,XPeng consolidated GAAP net profit/loss; losses are stored as negative values.,business/geography/product=consolidated; not net income attributable to ordinary shareholders.,XPeng Second Company Production Qualification; source-verified candidate.,,
小鹏汽车,XPEV / 9868.HK,2025Q1,quarter,2025-01-01,2025-03-31,net_income,净利润,-425.789,CNY million,CNY,group,,,,Non-GAAP,reported_currency,company_disclosed,XPENG Reports First Quarter 2025 Unaudited Financial Results,https://www.sec.gov/Archives/edgar/data/1810997/000119312525123650/d13244dex991.htm,"SEC Exhibit 99.1, Unaudited Condensed Consolidated Statements of Comprehensive Profit/(Loss), HTML table 29, row Non-GAAP net loss","Non-GAAP net loss: -425,789 RMB thousand",,,,false,needs_review,Non-GAAP net income/loss excluding share-based compensation and fair value gain/loss on derivative liability relating to contingent consideration.,consolidated non-GAAP measure; effective from 2025Q1; not comparable to GAAP or the pre-2025Q1 definition without an explicit bridge.,XPeng Second Company Production Qualification; source-verified candidate.,,
小鹏汽车,XPEV / 9868.HK,2025Q1,quarter,2025-01-01,2025-03-31,operating_income,营业利润,-1041.447,CNY million,CNY,group,,,,GAAP,reported_currency,company_disclosed,XPENG Reports First Quarter 2025 Unaudited Financial Results,https://www.sec.gov/Archives/edgar/data/1810997/000119312525123650/d13244dex991.htm,"SEC Exhibit 99.1, Unaudited Condensed Consolidated Statements of Comprehensive Profit/(Loss), HTML table 27, row Loss from operations","Loss from operations: -1,041,447 RMB thousand",,,,false,needs_review,Consolidated profit or loss from operations under GAAP; losses are stored as negative values.,business/geography/product=consolidated.,XPeng Second Company Production Qualification; source-verified candidate.,,
小鹏汽车,XPEV / 9868.HK,2025Q1,quarter,2025-01-01,2025-03-31,revenue,营业收入,1441.33,CNY million,CNY,business=Services and others,Services and others,,,GAAP,reported_currency,company_disclosed,XPENG Reports First Quarter 2025 Unaudited Financial Results,https://www.sec.gov/Archives/edgar/data/1810997/000119312525123650/d13244dex991.htm,"SEC Exhibit 99.1, Unaudited Condensed Consolidated Statements of Comprehensive Profit/(Loss), HTML table 27, row Services and others","Services and others: 1,441,330 RMB thousand",,,,false,needs_review,Revenue from services and others reported by XPeng Inc.,business=services_and_others; component of consolidated total revenue.,XPeng Second Company Production Qualification; source-verified candidate.,,
小鹏汽车,XPEV / 9868.HK,2025Q1,quarter,2025-01-01,2025-03-31,revenue,营业收入,14369.298,CNY million,CNY,business=Vehicle sales,Vehicle sales,,,GAAP,reported_currency,company_disclosed,XPENG Reports First Quarter 2025 Unaudited Financial Results,https://www.sec.gov/Archives/edgar/data/1810997/000119312525123650/d13244dex991.htm,"SEC Exhibit 99.1, Unaudited Condensed Consolidated Statements of Comprehensive Profit/(Loss), HTML table 27, row Vehicle sales","Vehicle sales: 14,369,298 RMB thousand",,,,false,needs_review,Revenue from vehicle sales reported by XPeng Inc.,business=vehicle_sales; component of consolidated total revenue; not vehicle deliveries.,XPeng Second Company Production Qualification; source-verified candidate.,,
小鹏汽车,XPEV / 9868.HK,2025Q1,quarter,2025-01-01,2025-03-31,revenue,营业收入,15810.628,CNY million,CNY,group,,,,GAAP,reported_currency,company_disclosed,XPENG Reports First Quarter 2025 Unaudited Financial Results,https://www.sec.gov/Archives/edgar/data/1810997/000119312525123650/d13244dex991.htm,"SEC Exhibit 99.1, Unaudited Condensed Consolidated Statements of Comprehensive Profit/(Loss), HTML table 27, row Total revenues","Total revenues: 15,810,628 RMB thousand",,,,false,needs_review,XPeng Inc. consolidated Total revenues in the unaudited condensed consolidated statement of comprehensive loss/profit.,business/geography/product=consolidated; equals vehicle sales plus services and others revenue.,XPeng Second Company Production Qualification; source-verified candidate.,,
小鹏汽车,XPEV / 9868.HK,2025Q1,quarter,2025-01-01,2025-03-31,rnd_expense,研发费用,1980.724,CNY million,CNY,group,,,,GAAP,reported_currency,company_disclosed,XPENG Reports First Quarter 2025 Unaudited Financial Results,https://www.sec.gov/Archives/edgar/data/1810997/000119312525123650/d13244dex991.htm,"SEC Exhibit 99.1, Unaudited Condensed Consolidated Statements of Comprehensive Profit/(Loss), HTML table 27, row Research and development expenses","Research and development expenses: 1,980,724 RMB thousand (statement presents the expense in parentheses; stored as positive expense magnitude)",,,,false,needs_review,"Research and development expenses, stored as a positive expense magnitude.",business/geography/product=consolidated.,XPeng Second Company Production Qualification; source-verified candidate.,,
小鹏汽车,XPEV / 9868.HK,2025Q1,quarter,2025-01-01,2025-03-31,sga_expense,销售及管理费用,1946.064,CNY million,CNY,group,,,,GAAP,reported_currency,company_disclosed,XPENG Reports First Quarter 2025 Unaudited Financial Results,https://www.sec.gov/Archives/edgar/data/1810997/000119312525123650/d13244dex991.htm,"SEC Exhibit 99.1, Unaudited Condensed Consolidated Statements of Comprehensive Profit/(Loss), HTML table 27, row Selling, general and administrative expenses","Selling, general and administrative expenses: 1,946,064 RMB thousand (statement presents the expense in parentheses; stored as positive expense magnitude)",,,,false,needs_review,"Selling, general and administrative expenses, stored as a positive expense magnitude.",business/geography/product=consolidated.,XPeng Second Company Production Qualification; source-verified candidate.,,
小鹏汽车,XPEV / 9868.HK,2025Q1,quarter,2025-01-01,2025-03-31,vehicle_deliveries,整车交付量,94008,辆,,group,,,,Company-reported,reported_vehicle_count,company_disclosed,XPENG Reports First Quarter 2025 Unaudited Financial Results,https://www.sec.gov/Archives/edgar/data/1810997/000119312525123650/d13244dex991.htm,"SEC Exhibit 99.1, Operational and Financial Highlights","Total deliveries of vehicles were 94,008",,,,false,needs_review,Total deliveries of XPeng vehicles during the fiscal quarter.,company-wide operating metric; unit=vehicles; not a revenue or monetary measurement.,XPeng Second Company Production Qualification; source-verified candidate.,,
小鹏汽车,XPEV / 9868.HK,2025Q2,point_in_time,2025-06-30,2025-06-30,cash_and_equivalents,现金及现金等价物,18809.493,CNY million,CNY,group,,,,GAAP,reported_currency,company_disclosed,XPENG Reports Second Quarter 2025 Unaudited Financial Results,https://www.sec.gov/Archives/edgar/data/1810997/000119312525183155/d59478dex991.htm,"SEC Exhibit 99.1, Consolidated Balance Sheets, HTML table 26, row Cash and cash equivalents","Cash and cash equivalents: 18,809,493 RMB thousand",,,,false,needs_review,Cash and cash equivalents balance on XPeng's consolidated balance sheet.,"point-in-time consolidated balance; excludes restricted cash, time deposits and investments.",XPeng Second Company Production Qualification; source-verified candidate.,,
小鹏汽车,XPEV / 9868.HK,2025Q2,quarter,2025-04-01,2025-06-30,gross_margin,毛利率,14.3,%,,business=Vehicle sales,Vehicle sales,,,GAAP,reported_percentage,company_disclosed,XPENG Reports Second Quarter 2025 Unaudited Financial Results,https://www.sec.gov/Archives/edgar/data/1810997/000119312525183155/d59478dex991.htm,"SEC Exhibit 99.1, Operational and Financial Highlights",Vehicle margin was 14.3%,,,,false,needs_review,"Gross profit or loss of vehicle sales as a percentage of vehicle sales revenue, as defined by XPeng.",business=vehicle_sales; not consolidated gross margin.,XPeng Second Company Production Qualification; source-verified candidate.,,
小鹏汽车,XPEV / 9868.HK,2025Q2,quarter,2025-04-01,2025-06-30,gross_margin,毛利率,17.3,%,,group,,,,GAAP,reported_percentage,company_disclosed,XPENG Reports Second Quarter 2025 Unaudited Financial Results,https://www.sec.gov/Archives/edgar/data/1810997/000119312525183155/d59478dex991.htm,"SEC Exhibit 99.1, Operational and Financial Highlights",Gross margin was 17.3%,,,,false,needs_review,XPeng consolidated gross profit as a percentage of total revenues.,business/geography/product=consolidated; explicitly distinct from vehicle margin.,XPeng Second Company Production Qualification; source-verified candidate.,,
小鹏汽车,XPEV / 9868.HK,2025Q2,quarter,2025-04-01,2025-06-30,gross_profit,毛利润,3167.33,CNY million,CNY,group,,,,GAAP,reported_currency,company_disclosed,XPENG Reports Second Quarter 2025 Unaudited Financial Results,https://www.sec.gov/Archives/edgar/data/1810997/000119312525183155/d59478dex991.htm,"SEC Exhibit 99.1, Unaudited Condensed Consolidated Statements of Comprehensive Profit/(Loss), HTML table 28, row Gross profit","Gross profit: 3,167,330 RMB thousand",,,,false,needs_review,Consolidated gross profit/loss after total cost of sales in XPeng's GAAP results.,business/geography/product=consolidated; not vehicle-only gross profit.,XPeng Second Company Production Qualification; source-verified candidate.,,
小鹏汽车,XPEV / 9868.HK,2025Q2,point_in_time,2025-06-30,2025-06-30,inventory,存货,6602.952,CNY million,CNY,group,,,,GAAP,reported_currency,company_disclosed,XPENG Reports Second Quarter 2025 Unaudited Financial Results,https://www.sec.gov/Archives/edgar/data/1810997/000119312525183155/d59478dex991.htm,"SEC Exhibit 99.1, Consolidated Balance Sheets, HTML table 26, row Inventory","Inventory: 6,602,952 RMB thousand",,,,false,needs_review,Inventory balance on XPeng's consolidated balance sheet.,point-in-time consolidated balance.,XPeng Second Company Production Qualification; source-verified candidate.,,
小鹏汽车,XPEV / 9868.HK,2025Q2,quarter,2025-04-01,2025-06-30,net_income,净利润,-477.754,CNY million,CNY,group,,,,GAAP,reported_currency,company_disclosed,XPENG Reports Second Quarter 2025 Unaudited Financial Results,https://www.sec.gov/Archives/edgar/data/1810997/000119312525183155/d59478dex991.htm,"SEC Exhibit 99.1, Unaudited Condensed Consolidated Statements of Comprehensive Profit/(Loss), HTML table 28, row Net loss","Net loss: -477,754 RMB thousand",,,,false,needs_review,XPeng consolidated GAAP net profit/loss; losses are stored as negative values.,business/geography/product=consolidated; not net income attributable to ordinary shareholders.,XPeng Second Company Production Qualification; source-verified candidate.,,
小鹏汽车,XPEV / 9868.HK,2025Q2,quarter,2025-04-01,2025-06-30,net_income,净利润,-385.283,CNY million,CNY,group,,,,Non-GAAP,reported_currency,company_disclosed,XPENG Reports Second Quarter 2025 Unaudited Financial Results,https://www.sec.gov/Archives/edgar/data/1810997/000119312525183155/d59478dex991.htm,"SEC Exhibit 99.1, Unaudited Condensed Consolidated Statements of Comprehensive Profit/(Loss), HTML table 30, row Non-GAAP net loss","Non-GAAP net loss: -385,283 RMB thousand",,,,false,needs_review,Non-GAAP net income/loss excluding share-based compensation and fair value gain/loss on derivative liability relating to contingent consideration.,consolidated non-GAAP measure; effective from 2025Q1; not comparable to GAAP or the pre-2025Q1 definition without an explicit bridge.,XPeng Second Company Production Qualification; source-verified candidate.,,
小鹏汽车,XPEV / 9868.HK,2025Q2,quarter,2025-04-01,2025-06-30,operating_income,营业利润,-934.649,CNY million,CNY,group,,,,GAAP,reported_currency,company_disclosed,XPENG Reports Second Quarter 2025 Unaudited Financial Results,https://www.sec.gov/Archives/edgar/data/1810997/000119312525183155/d59478dex991.htm,"SEC Exhibit 99.1, Unaudited Condensed Consolidated Statements of Comprehensive Profit/(Loss), HTML table 28, row Loss from operations","Loss from operations: -934,649 RMB thousand",,,,false,needs_review,Consolidated profit or loss from operations under GAAP; losses are stored as negative values.,business/geography/product=consolidated.,XPeng Second Company Production Qualification; source-verified candidate.,,
小鹏汽车,XPEV / 9868.HK,2025Q2,quarter,2025-04-01,2025-06-30,revenue,营业收入,1390.709,CNY million,CNY,business=Services and others,Services and others,,,GAAP,reported_currency,company_disclosed,XPENG Reports Second Quarter 2025 Unaudited Financial Results,https://www.sec.gov/Archives/edgar/data/1810997/000119312525183155/d59478dex991.htm,"SEC Exhibit 99.1, Unaudited Condensed Consolidated Statements of Comprehensive Profit/(Loss), HTML table 28, row Services and others","Services and others: 1,390,709 RMB thousand",,,,false,needs_review,Revenue from services and others reported by XPeng Inc.,business=services_and_others; component of consolidated total revenue.,XPeng Second Company Production Qualification; source-verified candidate.,,
小鹏汽车,XPEV / 9868.HK,2025Q2,quarter,2025-04-01,2025-06-30,revenue,营业收入,16883.696,CNY million,CNY,business=Vehicle sales,Vehicle sales,,,GAAP,reported_currency,company_disclosed,XPENG Reports Second Quarter 2025 Unaudited Financial Results,https://www.sec.gov/Archives/edgar/data/1810997/000119312525183155/d59478dex991.htm,"SEC Exhibit 99.1, Unaudited Condensed Consolidated Statements of Comprehensive Profit/(Loss), HTML table 28, row Vehicle sales","Vehicle sales: 16,883,696 RMB thousand",,,,false,needs_review,Revenue from vehicle sales reported by XPeng Inc.,business=vehicle_sales; component of consolidated total revenue; not vehicle deliveries.,XPeng Second Company Production Qualification; source-verified candidate.,,
小鹏汽车,XPEV / 9868.HK,2025Q2,quarter,2025-04-01,2025-06-30,revenue,营业收入,18274.405,CNY million,CNY,group,,,,GAAP,reported_currency,company_disclosed,XPENG Reports Second Quarter 2025 Unaudited Financial Results,https://www.sec.gov/Archives/edgar/data/1810997/000119312525183155/d59478dex991.htm,"SEC Exhibit 99.1, Unaudited Condensed Consolidated Statements of Comprehensive Profit/(Loss), HTML table 28, row Total revenues","Total revenues: 18,274,405 RMB thousand",,,,false,needs_review,XPeng Inc. consolidated Total revenues in the unaudited condensed consolidated statement of comprehensive loss/profit.,business/geography/product=consolidated; equals vehicle sales plus services and others revenue.,XPeng Second Company Production Qualification; source-verified candidate.,,
小鹏汽车,XPEV / 9868.HK,2025Q2,quarter,2025-04-01,2025-06-30,rnd_expense,研发费用,2206.144,CNY million,CNY,group,,,,GAAP,reported_currency,company_disclosed,XPENG Reports Second Quarter 2025 Unaudited Financial Results,https://www.sec.gov/Archives/edgar/data/1810997/000119312525183155/d59478dex991.htm,"SEC Exhibit 99.1, Unaudited Condensed Consolidated Statements of Comprehensive Profit/(Loss), HTML table 28, row Research and development expenses","Research and development expenses: 2,206,144 RMB thousand (statement presents the expense in parentheses; stored as positive expense magnitude)",,,,false,needs_review,"Research and development expenses, stored as a positive expense magnitude.",business/geography/product=consolidated.,XPeng Second Company Production Qualification; source-verified candidate.,,
小鹏汽车,XPEV / 9868.HK,2025Q2,quarter,2025-04-01,2025-06-30,sga_expense,销售及管理费用,2167.241,CNY million,CNY,group,,,,GAAP,reported_currency,company_disclosed,XPENG Reports Second Quarter 2025 Unaudited Financial Results,https://www.sec.gov/Archives/edgar/data/1810997/000119312525183155/d59478dex991.htm,"SEC Exhibit 99.1, Unaudited Condensed Consolidated Statements of Comprehensive Profit/(Loss), HTML table 28, row Selling, general and administrative expenses","Selling, general and administrative expenses: 2,167,241 RMB thousand (statement presents the expense in parentheses; stored as positive expense magnitude)",,,,false,needs_review,"Selling, general and administrative expenses, stored as a positive expense magnitude.",business/geography/product=consolidated.,XPeng Second Company Production Qualification; source-verified candidate.,,
小鹏汽车,XPEV / 9868.HK,2025Q2,quarter,2025-04-01,2025-06-30,vehicle_deliveries,整车交付量,103181,辆,,group,,,,Company-reported,reported_vehicle_count,company_disclosed,XPENG Reports Second Quarter 2025 Unaudited Financial Results,https://www.sec.gov/Archives/edgar/data/1810997/000119312525183155/d59478dex991.htm,"SEC Exhibit 99.1, Operational and Financial Highlights","Total deliveries of vehicles were 103,181",,,,false,needs_review,Total deliveries of XPeng vehicles during the fiscal quarter.,company-wide operating metric; unit=vehicles; not a revenue or monetary measurement.,XPeng Second Company Production Qualification; source-verified candidate.,,
小鹏汽车,XPEV / 9868.HK,2025Q3,point_in_time,2025-09-30,2025-09-30,cash_and_equivalents,现金及现金等价物,17532.928,CNY million,CNY,group,,,,GAAP,reported_currency,company_disclosed,XPENG Reports Third Quarter 2025 Unaudited Financial Results,https://www.sec.gov/Archives/edgar/data/1810997/000119312525283869/d948120dex991.htm,"SEC Exhibit 99.1, Consolidated Balance Sheets, HTML table 26, row Cash and cash equivalents","Cash and cash equivalents: 17,532,928 RMB thousand",,,,false,needs_review,Cash and cash equivalents balance on XPeng's consolidated balance sheet.,"point-in-time consolidated balance; excludes restricted cash, time deposits and investments.",XPeng Second Company Production Qualification; source-verified candidate.,,
小鹏汽车,XPEV / 9868.HK,2025Q3,quarter,2025-07-01,2025-09-30,gross_margin,毛利率,13.1,%,,business=Vehicle sales,Vehicle sales,,,GAAP,reported_percentage,company_disclosed,XPENG Reports Third Quarter 2025 Unaudited Financial Results,https://www.sec.gov/Archives/edgar/data/1810997/000119312525283869/d948120dex991.htm,"SEC Exhibit 99.1, Operational and Financial Highlights",Vehicle margin was 13.1%,,,,false,needs_review,"Gross profit or loss of vehicle sales as a percentage of vehicle sales revenue, as defined by XPeng.",business=vehicle_sales; not consolidated gross margin.,XPeng Second Company Production Qualification; source-verified candidate.,,
小鹏汽车,XPEV / 9868.HK,2025Q3,quarter,2025-07-01,2025-09-30,gross_margin,毛利率,20.1,%,,group,,,,GAAP,reported_percentage,company_disclosed,XPENG Reports Third Quarter 2025 Unaudited Financial Results,https://www.sec.gov/Archives/edgar/data/1810997/000119312525283869/d948120dex991.htm,"SEC Exhibit 99.1, Operational and Financial Highlights",Gross margin was 20.1%,,,,false,needs_review,XPeng consolidated gross profit as a percentage of total revenues.,business/geography/product=consolidated; explicitly distinct from vehicle margin.,XPeng Second Company Production Qualification; source-verified candidate.,,
小鹏汽车,XPEV / 9868.HK,2025Q3,quarter,2025-07-01,2025-09-30,gross_profit,毛利润,4104.253,CNY million,CNY,group,,,,GAAP,reported_currency,company_disclosed,XPENG Reports Third Quarter 2025 Unaudited Financial Results,https://www.sec.gov/Archives/edgar/data/1810997/000119312525283869/d948120dex991.htm,"SEC Exhibit 99.1, Unaudited Condensed Consolidated Statements of Comprehensive Profit/(Loss), HTML table 28, row Gross profit","Gross profit: 4,104,253 RMB thousand",,,,false,needs_review,Consolidated gross profit/loss after total cost of sales in XPeng's GAAP results.,business/geography/product=consolidated; not vehicle-only gross profit.,XPeng Second Company Production Qualification; source-verified candidate.,,
小鹏汽车,XPEV / 9868.HK,2025Q3,point_in_time,2025-09-30,2025-09-30,inventory,存货,9240.68,CNY million,CNY,group,,,,GAAP,reported_currency,company_disclosed,XPENG Reports Third Quarter 2025 Unaudited Financial Results,https://www.sec.gov/Archives/edgar/data/1810997/000119312525283869/d948120dex991.htm,"SEC Exhibit 99.1, Consolidated Balance Sheets, HTML table 26, row Inventory","Inventory: 9,240,680 RMB thousand",,,,false,needs_review,Inventory balance on XPeng's consolidated balance sheet.,point-in-time consolidated balance.,XPeng Second Company Production Qualification; source-verified candidate.,,
小鹏汽车,XPEV / 9868.HK,2025Q3,quarter,2025-07-01,2025-09-30,net_income,净利润,-380.868,CNY million,CNY,group,,,,GAAP,reported_currency,company_disclosed,XPENG Reports Third Quarter 2025 Unaudited Financial Results,https://www.sec.gov/Archives/edgar/data/1810997/000119312525283869/d948120dex991.htm,"SEC Exhibit 99.1, Unaudited Condensed Consolidated Statements of Comprehensive Profit/(Loss), HTML table 28, row Net loss","Net loss: -380,868 RMB thousand",,,,false,needs_review,XPeng consolidated GAAP net profit/loss; losses are stored as negative values.,business/geography/product=consolidated; not net income attributable to ordinary shareholders.,XPeng Second Company Production Qualification; source-verified candidate.,,
小鹏汽车,XPEV / 9868.HK,2025Q3,quarter,2025-07-01,2025-09-30,net_income,净利润,-151.849,CNY million,CNY,group,,,,Non-GAAP,reported_currency,company_disclosed,XPENG Reports Third Quarter 2025 Unaudited Financial Results,https://www.sec.gov/Archives/edgar/data/1810997/000119312525283869/d948120dex991.htm,"SEC Exhibit 99.1, Unaudited Condensed Consolidated Statements of Comprehensive Profit/(Loss), HTML table 30, row Non-GAAP net loss","Non-GAAP net loss: -151,849 RMB thousand",,,,false,needs_review,Non-GAAP net income/loss excluding share-based compensation and fair value gain/loss on derivative liability relating to contingent consideration.,consolidated non-GAAP measure; effective from 2025Q1; not comparable to GAAP or the pre-2025Q1 definition without an explicit bridge.,XPeng Second Company Production Qualification; source-verified candidate.,,
小鹏汽车,XPEV / 9868.HK,2025Q3,quarter,2025-07-01,2025-09-30,operating_income,营业利润,-751.048,CNY million,CNY,group,,,,GAAP,reported_currency,company_disclosed,XPENG Reports Third Quarter 2025 Unaudited Financial Results,https://www.sec.gov/Archives/edgar/data/1810997/000119312525283869/d948120dex991.htm,"SEC Exhibit 99.1, Unaudited Condensed Consolidated Statements of Comprehensive Profit/(Loss), HTML table 28, row Loss from operations","Loss from operations: -751,048 RMB thousand",,,,false,needs_review,Consolidated profit or loss from operations under GAAP; losses are stored as negative values.,business/geography/product=consolidated.,XPeng Second Company Production Qualification; source-verified candidate.,,
小鹏汽车,XPEV / 9868.HK,2025Q3,quarter,2025-07-01,2025-09-30,revenue,营业收入,2327.198,CNY million,CNY,business=Services and others,Services and others,,,GAAP,reported_currency,company_disclosed,XPENG Reports Third Quarter 2025 Unaudited Financial Results,https://www.sec.gov/Archives/edgar/data/1810997/000119312525283869/d948120dex991.htm,"SEC Exhibit 99.1, Unaudited Condensed Consolidated Statements of Comprehensive Profit/(Loss), HTML table 28, row Services and others","Services and others: 2,327,198 RMB thousand",,,,false,needs_review,Revenue from services and others reported by XPeng Inc.,business=services_and_others; component of consolidated total revenue.,XPeng Second Company Production Qualification; source-verified candidate.,,
小鹏汽车,XPEV / 9868.HK,2025Q3,quarter,2025-07-01,2025-09-30,revenue,营业收入,18053.752,CNY million,CNY,business=Vehicle sales,Vehicle sales,,,GAAP,reported_currency,company_disclosed,XPENG Reports Third Quarter 2025 Unaudited Financial Results,https://www.sec.gov/Archives/edgar/data/1810997/000119312525283869/d948120dex991.htm,"SEC Exhibit 99.1, Unaudited Condensed Consolidated Statements of Comprehensive Profit/(Loss), HTML table 28, row Vehicle sales","Vehicle sales: 18,053,752 RMB thousand",,,,false,needs_review,Revenue from vehicle sales reported by XPeng Inc.,business=vehicle_sales; component of consolidated total revenue; not vehicle deliveries.,XPeng Second Company Production Qualification; source-verified candidate.,,
小鹏汽车,XPEV / 9868.HK,2025Q3,quarter,2025-07-01,2025-09-30,revenue,营业收入,20380.95,CNY million,CNY,group,,,,GAAP,reported_currency,company_disclosed,XPENG Reports Third Quarter 2025 Unaudited Financial Results,https://www.sec.gov/Archives/edgar/data/1810997/000119312525283869/d948120dex991.htm,"SEC Exhibit 99.1, Unaudited Condensed Consolidated Statements of Comprehensive Profit/(Loss), HTML table 28, row Total revenues","Total revenues: 20,380,950 RMB thousand",,,,false,needs_review,XPeng Inc. consolidated Total revenues in the unaudited condensed consolidated statement of comprehensive loss/profit.,business/geography/product=consolidated; equals vehicle sales plus services and others revenue.,XPeng Second Company Production Qualification; source-verified candidate.,,
小鹏汽车,XPEV / 9868.HK,2025Q3,quarter,2025-07-01,2025-09-30,rnd_expense,研发费用,2428.863,CNY million,CNY,group,,,,GAAP,reported_currency,company_disclosed,XPENG Reports Third Quarter 2025 Unaudited Financial Results,https://www.sec.gov/Archives/edgar/data/1810997/000119312525283869/d948120dex991.htm,"SEC Exhibit 99.1, Unaudited Condensed Consolidated Statements of Comprehensive Profit/(Loss), HTML table 28, row Research and development expenses","Research and development expenses: 2,428,863 RMB thousand (statement presents the expense in parentheses; stored as positive expense magnitude)",,,,false,needs_review,"Research and development expenses, stored as a positive expense magnitude.",business/geography/product=consolidated.,XPeng Second Company Production Qualification; source-verified candidate.,,
小鹏汽车,XPEV / 9868.HK,2025Q3,quarter,2025-07-01,2025-09-30,sga_expense,销售及管理费用,2492.897,CNY million,CNY,group,,,,GAAP,reported_currency,company_disclosed,XPENG Reports Third Quarter 2025 Unaudited Financial Results,https://www.sec.gov/Archives/edgar/data/1810997/000119312525283869/d948120dex991.htm,"SEC Exhibit 99.1, Unaudited Condensed Consolidated Statements of Comprehensive Profit/(Loss), HTML table 28, row Selling, general and administrative expenses","Selling, general and administrative expenses: 2,492,897 RMB thousand (statement presents the expense in parentheses; stored as positive expense magnitude)",,,,false,needs_review,"Selling, general and administrative expenses, stored as a positive expense magnitude.",business/geography/product=consolidated.,XPeng Second Company Production Qualification; source-verified candidate.,,
小鹏汽车,XPEV / 9868.HK,2025Q3,quarter,2025-07-01,2025-09-30,vehicle_deliveries,整车交付量,116007,辆,,group,,,,Company-reported,reported_vehicle_count,company_disclosed,XPENG Reports Third Quarter 2025 Unaudited Financial Results,https://www.sec.gov/Archives/edgar/data/1810997/000119312525283869/d948120dex991.htm,"SEC Exhibit 99.1, Operational and Financial Highlights","Total deliveries of vehicles were 116,007",,,,false,needs_review,Total deliveries of XPeng vehicles during the fiscal quarter.,company-wide operating metric; unit=vehicles; not a revenue or monetary measurement.,XPeng Second Company Production Qualification; source-verified candidate.,,
小鹏汽车,XPEV / 9868.HK,2025Q4,point_in_time,2025-12-31,2025-12-31,cash_and_equivalents,现金及现金等价物,17329.612,CNY million,CNY,group,,,,GAAP,reported_currency,company_disclosed,XPENG Reports Fourth Quarter and Fiscal Year 2025 Unaudited Financial Results,https://www.sec.gov/Archives/edgar/data/1810997/000119312526117623/d270013dex991.htm,"SEC Exhibit 99.1, Consolidated Balance Sheets, HTML table 32, row Cash and cash equivalents","Cash and cash equivalents: 17,329,612 RMB thousand",,,,false,needs_review,Cash and cash equivalents balance on XPeng's consolidated balance sheet.,"point-in-time consolidated balance; excludes restricted cash, time deposits and investments.",XPeng Second Company Production Qualification; source-verified candidate.,,
小鹏汽车,XPEV / 9868.HK,2025Q4,quarter,2025-10-01,2025-12-31,gross_margin,毛利率,13,%,,business=Vehicle sales,Vehicle sales,,,GAAP,reported_percentage,company_disclosed,XPENG Reports Fourth Quarter and Fiscal Year 2025 Unaudited Financial Results,https://www.sec.gov/Archives/edgar/data/1810997/000119312526117623/d270013dex991.htm,"SEC Exhibit 99.1, Operational and Financial Highlights",Vehicle margin was 13%,,,,false,needs_review,"Gross profit or loss of vehicle sales as a percentage of vehicle sales revenue, as defined by XPeng.",business=vehicle_sales; not consolidated gross margin.,XPeng Second Company Production Qualification; source-verified candidate.,,
小鹏汽车,XPEV / 9868.HK,2025Q4,quarter,2025-10-01,2025-12-31,gross_margin,毛利率,21.3,%,,group,,,,GAAP,reported_percentage,company_disclosed,XPENG Reports Fourth Quarter and Fiscal Year 2025 Unaudited Financial Results,https://www.sec.gov/Archives/edgar/data/1810997/000119312526117623/d270013dex991.htm,"SEC Exhibit 99.1, Operational and Financial Highlights",Gross margin was 21.3%,,,,false,needs_review,XPeng consolidated gross profit as a percentage of total revenues.,business/geography/product=consolidated; explicitly distinct from vehicle margin.,XPeng Second Company Production Qualification; source-verified candidate.,,
小鹏汽车,XPEV / 9868.HK,2025Q4,quarter,2025-10-01,2025-12-31,gross_profit,毛利润,4741.806,CNY million,CNY,group,,,,GAAP,reported_currency,company_disclosed,XPENG Reports Fourth Quarter and Fiscal Year 2025 Unaudited Financial Results,https://www.sec.gov/Archives/edgar/data/1810997/000119312526117623/d270013dex991.htm,"SEC Exhibit 99.1, Unaudited Condensed Consolidated Statements of Comprehensive Profit/(Loss), HTML table 34, row Gross profit","Gross profit: 4,741,806 RMB thousand",,,,false,needs_review,Consolidated gross profit/loss after total cost of sales in XPeng's GAAP results.,business/geography/product=consolidated; not vehicle-only gross profit.,XPeng Second Company Production Qualification; source-verified candidate.,,
小鹏汽车,XPEV / 9868.HK,2025Q4,point_in_time,2025-12-31,2025-12-31,inventory,存货,10380.668,CNY million,CNY,group,,,,GAAP,reported_currency,company_disclosed,XPENG Reports Fourth Quarter and Fiscal Year 2025 Unaudited Financial Results,https://www.sec.gov/Archives/edgar/data/1810997/000119312526117623/d270013dex991.htm,"SEC Exhibit 99.1, Consolidated Balance Sheets, HTML table 32, row Inventory","Inventory: 10,380,668 RMB thousand",,,,false,needs_review,Inventory balance on XPeng's consolidated balance sheet.,point-in-time consolidated balance.,XPeng Second Company Production Qualification; source-verified candidate.,,
小鹏汽车,XPEV / 9868.HK,2025Q4,quarter,2025-10-01,2025-12-31,net_income,净利润,383.208,CNY million,CNY,group,,,,GAAP,reported_currency,company_disclosed,XPENG Reports Fourth Quarter and Fiscal Year 2025 Unaudited Financial Results,https://www.sec.gov/Archives/edgar/data/1810997/000119312526117623/d270013dex991.htm,"SEC Exhibit 99.1, Unaudited Condensed Consolidated Statements of Comprehensive Profit/(Loss), HTML table 34, row Net (loss) profit","Net (loss) profit: 383,208 RMB thousand",,,,false,needs_review,XPeng consolidated GAAP net profit/loss; losses are stored as negative values.,business/geography/product=consolidated; not net income attributable to ordinary shareholders.,XPeng Second Company Production Qualification; source-verified candidate.,,
小鹏汽车,XPEV / 9868.HK,2025Q4,quarter,2025-10-01,2025-12-31,net_income,净利润,505.093,CNY million,CNY,group,,,,Non-GAAP,reported_currency,company_disclosed,XPENG Reports Fourth Quarter and Fiscal Year 2025 Unaudited Financial Results,https://www.sec.gov/Archives/edgar/data/1810997/000119312526117623/d270013dex991.htm,"SEC Exhibit 99.1, Unaudited Condensed Consolidated Statements of Comprehensive Profit/(Loss), HTML table 36, row Non-GAAP net (loss) profit","Non-GAAP net (loss) profit: 505,093 RMB thousand",,,,false,needs_review,Non-GAAP net income/loss excluding share-based compensation and fair value gain/loss on derivative liability relating to contingent consideration.,consolidated non-GAAP measure; effective from 2025Q1; not comparable to GAAP or the pre-2025Q1 definition without an explicit bridge.,XPeng Second Company Production Qualification; source-verified candidate.,,
小鹏汽车,XPEV / 9868.HK,2025Q4,quarter,2025-10-01,2025-12-31,operating_income,营业利润,-44.258,CNY million,CNY,group,,,,GAAP,reported_currency,company_disclosed,XPENG Reports Fourth Quarter and Fiscal Year 2025 Unaudited Financial Results,https://www.sec.gov/Archives/edgar/data/1810997/000119312526117623/d270013dex991.htm,"SEC Exhibit 99.1, Unaudited Condensed Consolidated Statements of Comprehensive Profit/(Loss), HTML table 34, row Loss from operations","Loss from operations: -44,258 RMB thousand",,,,false,needs_review,Consolidated profit or loss from operations under GAAP; losses are stored as negative values.,business/geography/product=consolidated.,XPeng Second Company Production Qualification; source-verified candidate.,,
小鹏汽车,XPEV / 9868.HK,2025Q4,quarter,2025-10-01,2025-12-31,revenue,营业收入,3181.585,CNY million,CNY,business=Services and others,Services and others,,,GAAP,reported_currency,company_disclosed,XPENG Reports Fourth Quarter and Fiscal Year 2025 Unaudited Financial Results,https://www.sec.gov/Archives/edgar/data/1810997/000119312526117623/d270013dex991.htm,"SEC Exhibit 99.1, Unaudited Condensed Consolidated Statements of Comprehensive Profit/(Loss), HTML table 34, row Services and others","Services and others: 3,181,585 RMB thousand",,,,false,needs_review,Revenue from services and others reported by XPeng Inc.,business=services_and_others; component of consolidated total revenue.,XPeng Second Company Production Qualification; source-verified candidate.,,
小鹏汽车,XPEV / 9868.HK,2025Q4,quarter,2025-10-01,2025-12-31,revenue,营业收入,19072.174,CNY million,CNY,business=Vehicle sales,Vehicle sales,,,GAAP,reported_currency,company_disclosed,XPENG Reports Fourth Quarter and Fiscal Year 2025 Unaudited Financial Results,https://www.sec.gov/Archives/edgar/data/1810997/000119312526117623/d270013dex991.htm,"SEC Exhibit 99.1, Unaudited Condensed Consolidated Statements of Comprehensive Profit/(Loss), HTML table 34, row Vehicle sales","Vehicle sales: 19,072,174 RMB thousand",,,,false,needs_review,Revenue from vehicle sales reported by XPeng Inc.,business=vehicle_sales; component of consolidated total revenue; not vehicle deliveries.,XPeng Second Company Production Qualification; source-verified candidate.,,
小鹏汽车,XPEV / 9868.HK,2025Q4,quarter,2025-10-01,2025-12-31,revenue,营业收入,22253.759,CNY million,CNY,group,,,,GAAP,reported_currency,company_disclosed,XPENG Reports Fourth Quarter and Fiscal Year 2025 Unaudited Financial Results,https://www.sec.gov/Archives/edgar/data/1810997/000119312526117623/d270013dex991.htm,"SEC Exhibit 99.1, Unaudited Condensed Consolidated Statements of Comprehensive Profit/(Loss), HTML table 34, row Total revenues","Total revenues: 22,253,759 RMB thousand",,,,false,needs_review,XPeng Inc. consolidated Total revenues in the unaudited condensed consolidated statement of comprehensive loss/profit.,business/geography/product=consolidated; equals vehicle sales plus services and others revenue.,XPeng Second Company Production Qualification; source-verified candidate.,,
小鹏汽车,XPEV / 9868.HK,2025Q4,quarter,2025-10-01,2025-12-31,rnd_expense,研发费用,2874.248,CNY million,CNY,group,,,,GAAP,reported_currency,company_disclosed,XPENG Reports Fourth Quarter and Fiscal Year 2025 Unaudited Financial Results,https://www.sec.gov/Archives/edgar/data/1810997/000119312526117623/d270013dex991.htm,"SEC Exhibit 99.1, Unaudited Condensed Consolidated Statements of Comprehensive Profit/(Loss), HTML table 34, row Research and development expenses","Research and development expenses: 2,874,248 RMB thousand (statement presents the expense in parentheses; stored as positive expense magnitude)",,,,false,needs_review,"Research and development expenses, stored as a positive expense magnitude.",business/geography/product=consolidated.,XPeng Second Company Production Qualification; source-verified candidate.,,
小鹏汽车,XPEV / 9868.HK,2025Q4,quarter,2025-10-01,2025-12-31,sga_expense,销售及管理费用,2792.254,CNY million,CNY,group,,,,GAAP,reported_currency,company_disclosed,XPENG Reports Fourth Quarter and Fiscal Year 2025 Unaudited Financial Results,https://www.sec.gov/Archives/edgar/data/1810997/000119312526117623/d270013dex991.htm,"SEC Exhibit 99.1, Unaudited Condensed Consolidated Statements of Comprehensive Profit/(Loss), HTML table 34, row Selling, general and administrative expenses","Selling, general and administrative expenses: 2,792,254 RMB thousand (statement presents the expense in parentheses; stored as positive expense magnitude)",,,,false,needs_review,"Selling, general and administrative expenses, stored as a positive expense magnitude.",business/geography/product=consolidated.,XPeng Second Company Production Qualification; source-verified candidate.,,
小鹏汽车,XPEV / 9868.HK,2025Q4,quarter,2025-10-01,2025-12-31,vehicle_deliveries,整车交付量,116249,辆,,group,,,,Company-reported,reported_vehicle_count,company_disclosed,XPENG Reports Fourth Quarter and Fiscal Year 2025 Unaudited Financial Results,https://www.sec.gov/Archives/edgar/data/1810997/000119312526117623/d270013dex991.htm,"SEC Exhibit 99.1, Operational and Financial Highlights","Total deliveries of vehicles were 116,249",,,,false,needs_review,Total deliveries of XPeng vehicles during the fiscal quarter.,company-wide operating metric; unit=vehicles; not a revenue or monetary measurement.,XPeng Second Company Production Qualification; source-verified candidate.,,
小鹏汽车,XPEV / 9868.HK,2026Q1,point_in_time,2026-03-31,2026-03-31,cash_and_equivalents,现金及现金等价物,14460.43,CNY million,CNY,group,,,,GAAP,reported_currency,company_disclosed,XPENG Reports First Quarter 2026 Unaudited Financial Results,https://www.sec.gov/Archives/edgar/data/1810997/000119312526243143/d139430dex991.htm,"SEC Exhibit 99.1, Consolidated Balance Sheets, HTML table 26, row Cash and cash equivalents","Cash and cash equivalents: 14,460,430 RMB thousand",,,,false,needs_review,Cash and cash equivalents balance on XPeng's consolidated balance sheet.,"point-in-time consolidated balance; excludes restricted cash, time deposits and investments.",XPeng Second Company Production Qualification; source-verified candidate.,,
小鹏汽车,XPEV / 9868.HK,2026Q1,quarter,2026-01-01,2026-03-31,gross_margin,毛利率,12.1,%,,business=Vehicle sales,Vehicle sales,,,GAAP,reported_percentage,company_disclosed,XPENG Reports First Quarter 2026 Unaudited Financial Results,https://www.sec.gov/Archives/edgar/data/1810997/000119312526243143/d139430dex991.htm,"SEC Exhibit 99.1, Operational and Financial Highlights",Vehicle margin was 12.1%,,,,false,needs_review,"Gross profit or loss of vehicle sales as a percentage of vehicle sales revenue, as defined by XPeng.",business=vehicle_sales; not consolidated gross margin.,XPeng Second Company Production Qualification; source-verified candidate.,,
小鹏汽车,XPEV / 9868.HK,2026Q1,quarter,2026-01-01,2026-03-31,gross_margin,毛利率,20.6,%,,group,,,,GAAP,reported_percentage,company_disclosed,XPENG Reports First Quarter 2026 Unaudited Financial Results,https://www.sec.gov/Archives/edgar/data/1810997/000119312526243143/d139430dex991.htm,"SEC Exhibit 99.1, Operational and Financial Highlights",Gross margin was 20.6%,,,,false,needs_review,XPeng consolidated gross profit as a percentage of total revenues.,business/geography/product=consolidated; explicitly distinct from vehicle margin.,XPeng Second Company Production Qualification; source-verified candidate.,,
小鹏汽车,XPEV / 9868.HK,2026Q1,quarter,2026-01-01,2026-03-31,gross_profit,毛利润,2682.593,CNY million,CNY,group,,,,GAAP,reported_currency,company_disclosed,XPENG Reports First Quarter 2026 Unaudited Financial Results,https://www.sec.gov/Archives/edgar/data/1810997/000119312526243143/d139430dex991.htm,"SEC Exhibit 99.1, Unaudited Condensed Consolidated Statements of Comprehensive Profit/(Loss), HTML table 28, row Gross profit","Gross profit: 2,682,593 RMB thousand",,,,false,needs_review,Consolidated gross profit/loss after total cost of sales in XPeng's GAAP results.,business/geography/product=consolidated; not vehicle-only gross profit.,XPeng Second Company Production Qualification; source-verified candidate.,,
小鹏汽车,XPEV / 9868.HK,2026Q1,point_in_time,2026-03-31,2026-03-31,inventory,存货,13291.855,CNY million,CNY,group,,,,GAAP,reported_currency,company_disclosed,XPENG Reports First Quarter 2026 Unaudited Financial Results,https://www.sec.gov/Archives/edgar/data/1810997/000119312526243143/d139430dex991.htm,"SEC Exhibit 99.1, Consolidated Balance Sheets, HTML table 26, row Inventory","Inventory: 13,291,855 RMB thousand",,,,false,needs_review,Inventory balance on XPeng's consolidated balance sheet.,point-in-time consolidated balance.,XPeng Second Company Production Qualification; source-verified candidate.,,
小鹏汽车,XPEV / 9868.HK,2026Q1,quarter,2026-01-01,2026-03-31,net_income,净利润,-1784.1,CNY million,CNY,group,,,,GAAP,reported_currency,company_disclosed,XPENG Reports First Quarter 2026 Unaudited Financial Results,https://www.sec.gov/Archives/edgar/data/1810997/000119312526243143/d139430dex991.htm,"SEC Exhibit 99.1, Unaudited Condensed Consolidated Statements of Comprehensive Profit/(Loss), HTML table 28, row Net (loss) profit","Net (loss) profit: -1,784,100 RMB thousand",,,,false,needs_review,XPeng consolidated GAAP net profit/loss; losses are stored as negative values.,business/geography/product=consolidated; not net income attributable to ordinary shareholders.,XPeng Second Company Production Qualification; source-verified candidate.,,
小鹏汽车,XPEV / 9868.HK,2026Q1,quarter,2026-01-01,2026-03-31,net_income,净利润,-1685.664,CNY million,CNY,group,,,,Non-GAAP,reported_currency,company_disclosed,XPENG Reports First Quarter 2026 Unaudited Financial Results,https://www.sec.gov/Archives/edgar/data/1810997/000119312526243143/d139430dex991.htm,"SEC Exhibit 99.1, Unaudited Condensed Consolidated Statements of Comprehensive Profit/(Loss), HTML table 30, row Non-GAAP net (loss) profit","Non-GAAP net (loss) profit: -1,685,664 RMB thousand",,,,false,needs_review,Non-GAAP net income/loss excluding share-based compensation and fair value gain/loss on derivative liability relating to contingent consideration.,consolidated non-GAAP measure; effective from 2025Q1; not comparable to GAAP or the pre-2025Q1 definition without an explicit bridge.,XPeng Second Company Production Qualification; source-verified candidate.,,
小鹏汽车,XPEV / 9868.HK,2026Q1,quarter,2026-01-01,2026-03-31,operating_income,营业利润,-1874.474,CNY million,CNY,group,,,,GAAP,reported_currency,company_disclosed,XPENG Reports First Quarter 2026 Unaudited Financial Results,https://www.sec.gov/Archives/edgar/data/1810997/000119312526243143/d139430dex991.htm,"SEC Exhibit 99.1, Unaudited Condensed Consolidated Statements of Comprehensive Profit/(Loss), HTML table 28, row Loss from operations","Loss from operations: -1,874,474 RMB thousand",,,,false,needs_review,Consolidated profit or loss from operations under GAAP; losses are stored as negative values.,business/geography/product=consolidated.,XPeng Second Company Production Qualification; source-verified candidate.,,
小鹏汽车,XPEV / 9868.HK,2026Q1,quarter,2026-01-01,2026-03-31,revenue,营业收入,2034.46,CNY million,CNY,business=Services and others,Services and others,,,GAAP,reported_currency,company_disclosed,XPENG Reports First Quarter 2026 Unaudited Financial Results,https://www.sec.gov/Archives/edgar/data/1810997/000119312526243143/d139430dex991.htm,"SEC Exhibit 99.1, Unaudited Condensed Consolidated Statements of Comprehensive Profit/(Loss), HTML table 28, row Services and others","Services and others: 2,034,460 RMB thousand",,,,false,needs_review,Revenue from services and others reported by XPeng Inc.,business=services_and_others; component of consolidated total revenue.,XPeng Second Company Production Qualification; source-verified candidate.,,
小鹏汽车,XPEV / 9868.HK,2026Q1,quarter,2026-01-01,2026-03-31,revenue,营业收入,10999.321,CNY million,CNY,business=Vehicle sales,Vehicle sales,,,GAAP,reported_currency,company_disclosed,XPENG Reports First Quarter 2026 Unaudited Financial Results,https://www.sec.gov/Archives/edgar/data/1810997/000119312526243143/d139430dex991.htm,"SEC Exhibit 99.1, Unaudited Condensed Consolidated Statements of Comprehensive Profit/(Loss), HTML table 28, row Vehicle sales","Vehicle sales: 10,999,321 RMB thousand",,,,false,needs_review,Revenue from vehicle sales reported by XPeng Inc.,business=vehicle_sales; component of consolidated total revenue; not vehicle deliveries.,XPeng Second Company Production Qualification; source-verified candidate.,,
小鹏汽车,XPEV / 9868.HK,2026Q1,quarter,2026-01-01,2026-03-31,revenue,营业收入,13033.781,CNY million,CNY,group,,,,GAAP,reported_currency,company_disclosed,XPENG Reports First Quarter 2026 Unaudited Financial Results,https://www.sec.gov/Archives/edgar/data/1810997/000119312526243143/d139430dex991.htm,"SEC Exhibit 99.1, Unaudited Condensed Consolidated Statements of Comprehensive Profit/(Loss), HTML table 28, row Total revenues","Total revenues: 13,033,781 RMB thousand",,,,false,needs_review,XPeng Inc. consolidated Total revenues in the unaudited condensed consolidated statement of comprehensive loss/profit.,business/geography/product=consolidated; equals vehicle sales plus services and others revenue.,XPeng Second Company Production Qualification; source-verified candidate.,,
小鹏汽车,XPEV / 9868.HK,2026Q1,quarter,2026-01-01,2026-03-31,rnd_expense,研发费用,2906.991,CNY million,CNY,group,,,,GAAP,reported_currency,company_disclosed,XPENG Reports First Quarter 2026 Unaudited Financial Results,https://www.sec.gov/Archives/edgar/data/1810997/000119312526243143/d139430dex991.htm,"SEC Exhibit 99.1, Unaudited Condensed Consolidated Statements of Comprehensive Profit/(Loss), HTML table 28, row Research and development expenses","Research and development expenses: 2,906,991 RMB thousand (statement presents the expense in parentheses; stored as positive expense magnitude)",,,,false,needs_review,"Research and development expenses, stored as a positive expense magnitude.",business/geography/product=consolidated.,XPeng Second Company Production Qualification; source-verified candidate.,,
小鹏汽车,XPEV / 9868.HK,2026Q1,quarter,2026-01-01,2026-03-31,sga_expense,销售及管理费用,1883.438,CNY million,CNY,group,,,,GAAP,reported_currency,company_disclosed,XPENG Reports First Quarter 2026 Unaudited Financial Results,https://www.sec.gov/Archives/edgar/data/1810997/000119312526243143/d139430dex991.htm,"SEC Exhibit 99.1, Unaudited Condensed Consolidated Statements of Comprehensive Profit/(Loss), HTML table 28, row Selling, general and administrative expenses","Selling, general and administrative expenses: 1,883,438 RMB thousand (statement presents the expense in parentheses; stored as positive expense magnitude)",,,,false,needs_review,"Selling, general and administrative expenses, stored as a positive expense magnitude.",business/geography/product=consolidated.,XPeng Second Company Production Qualification; source-verified candidate.,,
小鹏汽车,XPEV / 9868.HK,2026Q1,quarter,2026-01-01,2026-03-31,vehicle_deliveries,整车交付量,62682,辆,,group,,,,Company-reported,reported_vehicle_count,company_disclosed,XPENG Reports First Quarter 2026 Unaudited Financial Results,https://www.sec.gov/Archives/edgar/data/1810997/000119312526243143/d139430dex991.htm,"SEC Exhibit 99.1, Operational and Financial Highlights","Total deliveries of vehicles were 62,682",,,,false,needs_review,Total deliveries of XPeng vehicles during the fiscal quarter.,company-wide operating metric; unit=vehicles; not a revenue or monetary measurement.,XPeng Second Company Production Qualification; source-verified candidate.,,
理想汽车,LI / 2015.HK,2024Q2,quarter,2024-04-01,2024-06-30,gross_margin,毛利率,18.7,%,,business=Vehicle sales,Vehicle sales,,,GAAP,reported_currency,company_disclosed,Li Auto Inc. Announces Unaudited 2024Q2 Financial Results,https://www.sec.gov/Archives/edgar/data/1791706/000110465924093778/tm2422884d1_ex99-1.htm,SEC Form 6-K Exhibit 99.1; Key Financial Results and Operating Highlights,Vehicle margin 18.7 %,,,,false,needs_review,Vehicle margin as directly reported for the standalone quarter in Li Auto Key Financial Results or Operating Highlights.,business=vehicle_sales; geography/product=consolidated,,,
理想汽车,LI / 2015.HK,2024Q2,quarter,2024-04-01,2024-06-30,gross_margin,毛利率,19.5,%,,group,,,,GAAP,reported_currency,company_disclosed,Li Auto Inc. Announces Unaudited 2024Q2 Financial Results,https://www.sec.gov/Archives/edgar/data/1791706/000110465924093778/tm2422884d1_ex99-1.htm,SEC Form 6-K Exhibit 99.1; Key Financial Results and Operating Highlights,Gross margin 19.5 %,,,,false,needs_review,Gross margin as directly reported for the standalone quarter in Li Auto Key Financial Results or Operating Highlights.,business=consolidated; geography/product=consolidated,,,
理想汽车,LI / 2015.HK,2024Q2,quarter,2024-04-01,2024-06-30,gross_profit,毛利润,6176.9,CNY million,CNY,group,,,,GAAP,reported_currency,company_disclosed,Li Auto Inc. Announces Unaudited 2024Q2 Financial Results,https://www.sec.gov/Archives/edgar/data/1791706/000110465924093778/tm2422884d1_ex99-1.htm,SEC Form 6-K Exhibit 99.1; Key Financial Results and Operating Highlights,"Gross profit 6,176.9 CNY million",,,,false,needs_review,Gross profit as directly reported for the standalone quarter in Li Auto Key Financial Results or Operating Highlights.,business=consolidated; geography/product=consolidated,,,
理想汽车,LI / 2015.HK,2024Q2,quarter,2024-04-01,2024-06-30,net_income,净利润,1100.9,CNY million,CNY,group,,,,GAAP,reported_currency,company_disclosed,Li Auto Inc. Announces Unaudited 2024Q2 Financial Results,https://www.sec.gov/Archives/edgar/data/1791706/000110465924093778/tm2422884d1_ex99-1.htm,SEC Form 6-K Exhibit 99.1; Key Financial Results and Operating Highlights,"Net income/(loss) 1,100.9 CNY million",,,,false,needs_review,Net income/(loss) as directly reported for the standalone quarter in Li Auto Key Financial Results or Operating Highlights.,business=consolidated; geography/product=consolidated,,,
理想汽车,LI / 2015.HK,2024Q2,quarter,2024-04-01,2024-06-30,operating_cash_flow,经营活动现金流,-429.4,CNY million,CNY,group,,,,GAAP,reported_currency,company_disclosed,Li Auto Inc. Announces Unaudited 2024Q2 Financial Results,https://www.sec.gov/Archives/edgar/data/1791706/000110465924093778/tm2422884d1_ex99-1.htm,SEC Form 6-K Exhibit 99.1; Key Financial Results and Operating Highlights,Net cash provided by/(used in) operating activities -429.4 CNY million,,,,false,needs_review,Net cash provided by/(used in) operating activities as directly reported for the standalone quarter in Li Auto Key Financial Results or Operating Highlights.,business=consolidated; geography/product=consolidated,,,
理想汽车,LI / 2015.HK,2024Q2,quarter,2024-04-01,2024-06-30,operating_income,营业利润,468,CNY million,CNY,group,,,,GAAP,reported_currency,company_disclosed,Li Auto Inc. Announces Unaudited 2024Q2 Financial Results,https://www.sec.gov/Archives/edgar/data/1791706/000110465924093778/tm2422884d1_ex99-1.htm,SEC Form 6-K Exhibit 99.1; Key Financial Results and Operating Highlights,Income/(Loss) from operations 468 CNY million,,,,false,needs_review,Income/(Loss) from operations as directly reported for the standalone quarter in Li Auto Key Financial Results or Operating Highlights.,business=consolidated; geography/product=consolidated,,,
理想汽车,LI / 2015.HK,2024Q2,quarter,2024-04-01,2024-06-30,operating_margin,营业利润率,1.5,%,,group,,,,GAAP,reported_currency,company_disclosed,Li Auto Inc. Announces Unaudited 2024Q2 Financial Results,https://www.sec.gov/Archives/edgar/data/1791706/000110465924093778/tm2422884d1_ex99-1.htm,SEC Form 6-K Exhibit 99.1; Key Financial Results and Operating Highlights,Operating margin 1.5 %,,,,false,needs_review,Operating margin as directly reported for the standalone quarter in Li Auto Key Financial Results or Operating Highlights.,business=consolidated; geography/product=consolidated,,,
理想汽车,LI / 2015.HK,2024Q2,quarter,2024-04-01,2024-06-30,revenue,营业收入,30319.7,CNY million,CNY,business=Vehicle sales,Vehicle sales,,,GAAP,reported_currency,company_disclosed,Li Auto Inc. Announces Unaudited 2024Q2 Financial Results,https://www.sec.gov/Archives/edgar/data/1791706/000110465924093778/tm2422884d1_ex99-1.htm,SEC Form 6-K Exhibit 99.1; Key Financial Results and Operating Highlights,"Vehicle sales 30,319.7 CNY million",,,,false,needs_review,Vehicle sales as directly reported for the standalone quarter in Li Auto Key Financial Results or Operating Highlights.,business=vehicle_sales; geography/product=consolidated,,,
理想汽车,LI / 2015.HK,2024Q2,quarter,2024-04-01,2024-06-30,revenue,营业收入,31678.4,CNY million,CNY,group,,,,GAAP,reported_currency,company_disclosed,Li Auto Inc. Announces Unaudited 2024Q2 Financial Results,https://www.sec.gov/Archives/edgar/data/1791706/000110465924093778/tm2422884d1_ex99-1.htm,SEC Form 6-K Exhibit 99.1; Key Financial Results and Operating Highlights,"Total revenues 31,678.4 CNY million",,,,false,needs_review,Total revenues as directly reported for the standalone quarter in Li Auto Key Financial Results or Operating Highlights.,business=consolidated; geography/product=consolidated,,,
理想汽车,LI / 2015.HK,2024Q2,quarter,2024-04-01,2024-06-30,vehicle_deliveries,整车交付量,108581,辆,,group,,,,company_operating_metric,reported_measurement,company_disclosed,Li Auto Inc. Announces Unaudited 2024Q2 Financial Results,https://www.sec.gov/Archives/edgar/data/1791706/000110465924093778/tm2422884d1_ex99-1.htm,SEC Form 6-K Exhibit 99.1; Key Financial Results and Operating Highlights,"Deliveries 108,581 vehicles",,,,false,needs_review,Deliveries as directly reported for the standalone quarter in Li Auto Key Financial Results or Operating Highlights.,business=consolidated; geography/product=consolidated,,,
理想汽车,LI / 2015.HK,2024Q3,quarter,2024-07-01,2024-09-30,gross_margin,毛利率,20.9,%,,business=Vehicle sales,Vehicle sales,,,GAAP,reported_currency,company_disclosed,Li Auto Inc. Announces Unaudited 2024Q3 Financial Results,https://www.sec.gov/Archives/edgar/data/1791706/000110465924112856/tm2427204d1_ex99-1.htm,SEC Form 6-K Exhibit 99.1; Key Financial Results and Operating Highlights,Vehicle margin 20.9 %,,,,false,needs_review,Vehicle margin as directly reported for the standalone quarter in Li Auto Key Financial Results or Operating Highlights.,business=vehicle_sales; geography/product=consolidated,,,
理想汽车,LI / 2015.HK,2024Q3,quarter,2024-07-01,2024-09-30,gross_margin,毛利率,21.5,%,,group,,,,GAAP,reported_currency,company_disclosed,Li Auto Inc. Announces Unaudited 2024Q3 Financial Results,https://www.sec.gov/Archives/edgar/data/1791706/000110465924112856/tm2427204d1_ex99-1.htm,SEC Form 6-K Exhibit 99.1; Key Financial Results and Operating Highlights,Gross margin 21.5 %,,,,false,needs_review,Gross margin as directly reported for the standalone quarter in Li Auto Key Financial Results or Operating Highlights.,business=consolidated; geography/product=consolidated,,,
理想汽车,LI / 2015.HK,2024Q3,quarter,2024-07-01,2024-09-30,gross_profit,毛利润,9224.7,CNY million,CNY,group,,,,GAAP,reported_currency,company_disclosed,Li Auto Inc. Announces Unaudited 2024Q3 Financial Results,https://www.sec.gov/Archives/edgar/data/1791706/000110465924112856/tm2427204d1_ex99-1.htm,SEC Form 6-K Exhibit 99.1; Key Financial Results and Operating Highlights,"Gross profit 9,224.7 CNY million",,,,false,needs_review,Gross profit as directly reported for the standalone quarter in Li Auto Key Financial Results or Operating Highlights.,business=consolidated; geography/product=consolidated,,,
理想汽车,LI / 2015.HK,2024Q3,quarter,2024-07-01,2024-09-30,net_income,净利润,2820.5,CNY million,CNY,group,,,,GAAP,reported_currency,company_disclosed,Li Auto Inc. Announces Unaudited 2024Q3 Financial Results,https://www.sec.gov/Archives/edgar/data/1791706/000110465924112856/tm2427204d1_ex99-1.htm,SEC Form 6-K Exhibit 99.1; Key Financial Results and Operating Highlights,"Net income/(loss) 2,820.5 CNY million",,,,false,needs_review,Net income/(loss) as directly reported for the standalone quarter in Li Auto Key Financial Results or Operating Highlights.,business=consolidated; geography/product=consolidated,,,
理想汽车,LI / 2015.HK,2024Q3,quarter,2024-07-01,2024-09-30,operating_cash_flow,经营活动现金流,11024.6,CNY million,CNY,group,,,,GAAP,reported_currency,company_disclosed,Li Auto Inc. Announces Unaudited 2024Q3 Financial Results,https://www.sec.gov/Archives/edgar/data/1791706/000110465924112856/tm2427204d1_ex99-1.htm,SEC Form 6-K Exhibit 99.1; Key Financial Results and Operating Highlights,"Net cash provided by/(used in) operating activities 11,024.6 CNY million",,,,false,needs_review,Net cash provided by/(used in) operating activities as directly reported for the standalone quarter in Li Auto Key Financial Results or Operating Highlights.,business=consolidated; geography/product=consolidated,,,
理想汽车,LI / 2015.HK,2024Q3,quarter,2024-07-01,2024-09-30,operating_income,营业利润,3432.7,CNY million,CNY,group,,,,GAAP,reported_currency,company_disclosed,Li Auto Inc. Announces Unaudited 2024Q3 Financial Results,https://www.sec.gov/Archives/edgar/data/1791706/000110465924112856/tm2427204d1_ex99-1.htm,SEC Form 6-K Exhibit 99.1; Key Financial Results and Operating Highlights,"Income/(Loss) from operations 3,432.7 CNY million",,,,false,needs_review,Income/(Loss) from operations as directly reported for the standalone quarter in Li Auto Key Financial Results or Operating Highlights.,business=consolidated; geography/product=consolidated,,,
理想汽车,LI / 2015.HK,2024Q3,quarter,2024-07-01,2024-09-30,operating_margin,营业利润率,8,%,,group,,,,GAAP,reported_currency,company_disclosed,Li Auto Inc. Announces Unaudited 2024Q3 Financial Results,https://www.sec.gov/Archives/edgar/data/1791706/000110465924112856/tm2427204d1_ex99-1.htm,SEC Form 6-K Exhibit 99.1; Key Financial Results and Operating Highlights,Operating margin 8 %,,,,false,needs_review,Operating margin as directly reported for the standalone quarter in Li Auto Key Financial Results or Operating Highlights.,business=consolidated; geography/product=consolidated,,,
理想汽车,LI / 2015.HK,2024Q3,quarter,2024-07-01,2024-09-30,revenue,营业收入,41323.8,CNY million,CNY,business=Vehicle sales,Vehicle sales,,,GAAP,reported_currency,company_disclosed,Li Auto Inc. Announces Unaudited 2024Q3 Financial Results,https://www.sec.gov/Archives/edgar/data/1791706/000110465924112856/tm2427204d1_ex99-1.htm,SEC Form 6-K Exhibit 99.1; Key Financial Results and Operating Highlights,"Vehicle sales 41,323.8 CNY million",,,,false,needs_review,Vehicle sales as directly reported for the standalone quarter in Li Auto Key Financial Results or Operating Highlights.,business=vehicle_sales; geography/product=consolidated,,,
理想汽车,LI / 2015.HK,2024Q3,quarter,2024-07-01,2024-09-30,revenue,营业收入,42874.2,CNY million,CNY,group,,,,GAAP,reported_currency,company_disclosed,Li Auto Inc. Announces Unaudited 2024Q3 Financial Results,https://www.sec.gov/Archives/edgar/data/1791706/000110465924112856/tm2427204d1_ex99-1.htm,SEC Form 6-K Exhibit 99.1; Key Financial Results and Operating Highlights,"Total revenues 42,874.2 CNY million",,,,false,needs_review,Total revenues as directly reported for the standalone quarter in Li Auto Key Financial Results or Operating Highlights.,business=consolidated; geography/product=consolidated,,,
理想汽车,LI / 2015.HK,2024Q3,quarter,2024-07-01,2024-09-30,vehicle_deliveries,整车交付量,152831,辆,,group,,,,company_operating_metric,reported_measurement,company_disclosed,Li Auto Inc. Announces Unaudited 2024Q3 Financial Results,https://www.sec.gov/Archives/edgar/data/1791706/000110465924112856/tm2427204d1_ex99-1.htm,SEC Form 6-K Exhibit 99.1; Key Financial Results and Operating Highlights,"Deliveries 152,831 vehicles",,,,false,needs_review,Deliveries as directly reported for the standalone quarter in Li Auto Key Financial Results or Operating Highlights.,business=consolidated; geography/product=consolidated,,,
理想汽车,LI / 2015.HK,2024Q4,quarter,2024-10-01,2024-12-31,gross_margin,毛利率,19.7,%,,business=Vehicle sales,Vehicle sales,,,GAAP,reported_currency,company_disclosed,Li Auto Inc. Announces Unaudited 2024Q4 Financial Results,https://www.sec.gov/Archives/edgar/data/1791706/000110465925023764/tm259135d1_ex99-1.htm,SEC Form 6-K Exhibit 99.1; Key Financial Results and Operating Highlights,Vehicle margin 19.7 %,,,,false,needs_review,Vehicle margin as directly reported for the standalone quarter in Li Auto Key Financial Results or Operating Highlights.,business=vehicle_sales; geography/product=consolidated,,,
理想汽车,LI / 2015.HK,2024Q4,quarter,2024-10-01,2024-12-31,gross_margin,毛利率,20.3,%,,group,,,,GAAP,reported_currency,company_disclosed,Li Auto Inc. Announces Unaudited 2024Q4 Financial Results,https://www.sec.gov/Archives/edgar/data/1791706/000110465925023764/tm259135d1_ex99-1.htm,SEC Form 6-K Exhibit 99.1; Key Financial Results and Operating Highlights,Gross margin 20.3 %,,,,false,needs_review,Gross margin as directly reported for the standalone quarter in Li Auto Key Financial Results or Operating Highlights.,business=consolidated; geography/product=consolidated,,,
理想汽车,LI / 2015.HK,2024Q4,quarter,2024-10-01,2024-12-31,gross_profit,毛利润,8970.2,CNY million,CNY,group,,,,GAAP,reported_currency,company_disclosed,Li Auto Inc. Announces Unaudited 2024Q4 Financial Results,https://www.sec.gov/Archives/edgar/data/1791706/000110465925023764/tm259135d1_ex99-1.htm,SEC Form 6-K Exhibit 99.1; Key Financial Results and Operating Highlights,"Gross profit 8,970.2 CNY million",,,,false,needs_review,Gross profit as directly reported for the standalone quarter in Li Auto Key Financial Results or Operating Highlights.,business=consolidated; geography/product=consolidated,,,
理想汽车,LI / 2015.HK,2024Q4,quarter,2024-10-01,2024-12-31,net_income,净利润,3532.7,CNY million,CNY,group,,,,GAAP,reported_currency,company_disclosed,Li Auto Inc. Announces Unaudited 2024Q4 Financial Results,https://www.sec.gov/Archives/edgar/data/1791706/000110465925023764/tm259135d1_ex99-1.htm,SEC Form 6-K Exhibit 99.1; Key Financial Results and Operating Highlights,"Net income/(loss) 3,532.7 CNY million",,,,false,needs_review,Net income/(loss) as directly reported for the standalone quarter in Li Auto Key Financial Results or Operating Highlights.,business=consolidated; geography/product=consolidated,,,
理想汽车,LI / 2015.HK,2024Q4,quarter,2024-10-01,2024-12-31,operating_cash_flow,经营活动现金流,8680.3,CNY million,CNY,group,,,,GAAP,reported_currency,company_disclosed,Li Auto Inc. Announces Unaudited 2024Q4 Financial Results,https://www.sec.gov/Archives/edgar/data/1791706/000110465925023764/tm259135d1_ex99-1.htm,SEC Form 6-K Exhibit 99.1; Key Financial Results and Operating Highlights,"Net cash provided by/(used in) operating activities 8,680.3 CNY million",,,,false,needs_review,Net cash provided by/(used in) operating activities as directly reported for the standalone quarter in Li Auto Key Financial Results or Operating Highlights.,business=consolidated; geography/product=consolidated,,,
理想汽车,LI / 2015.HK,2024Q4,quarter,2024-10-01,2024-12-31,operating_income,营业利润,3703.3,CNY million,CNY,group,,,,GAAP,reported_currency,company_disclosed,Li Auto Inc. Announces Unaudited 2024Q4 Financial Results,https://www.sec.gov/Archives/edgar/data/1791706/000110465925023764/tm259135d1_ex99-1.htm,SEC Form 6-K Exhibit 99.1; Key Financial Results and Operating Highlights,"Income/(Loss) from operations 3,703.3 CNY million",,,,false,needs_review,Income/(Loss) from operations as directly reported for the standalone quarter in Li Auto Key Financial Results or Operating Highlights.,business=consolidated; geography/product=consolidated,,,
理想汽车,LI / 2015.HK,2024Q4,quarter,2024-10-01,2024-12-31,operating_margin,营业利润率,8.4,%,,group,,,,GAAP,reported_currency,company_disclosed,Li Auto Inc. Announces Unaudited 2024Q4 Financial Results,https://www.sec.gov/Archives/edgar/data/1791706/000110465925023764/tm259135d1_ex99-1.htm,SEC Form 6-K Exhibit 99.1; Key Financial Results and Operating Highlights,Operating margin 8.4 %,,,,false,needs_review,Operating margin as directly reported for the standalone quarter in Li Auto Key Financial Results or Operating Highlights.,business=consolidated; geography/product=consolidated,,,
理想汽车,LI / 2015.HK,2024Q4,quarter,2024-10-01,2024-12-31,revenue,营业收入,42643,CNY million,CNY,business=Vehicle sales,Vehicle sales,,,GAAP,reported_currency,company_disclosed,Li Auto Inc. Announces Unaudited 2024Q4 Financial Results,https://www.sec.gov/Archives/edgar/data/1791706/000110465925023764/tm259135d1_ex99-1.htm,SEC Form 6-K Exhibit 99.1; Key Financial Results and Operating Highlights,"Vehicle sales 42,643 CNY million",,,,false,needs_review,Vehicle sales as directly reported for the standalone quarter in Li Auto Key Financial Results or Operating Highlights.,business=vehicle_sales; geography/product=consolidated,,,
理想汽车,LI / 2015.HK,2024Q4,quarter,2024-10-01,2024-12-31,revenue,营业收入,44273.7,CNY million,CNY,group,,,,GAAP,reported_currency,company_disclosed,Li Auto Inc. Announces Unaudited 2024Q4 Financial Results,https://www.sec.gov/Archives/edgar/data/1791706/000110465925023764/tm259135d1_ex99-1.htm,SEC Form 6-K Exhibit 99.1; Key Financial Results and Operating Highlights,"Total revenues 44,273.7 CNY million",,,,false,needs_review,Total revenues as directly reported for the standalone quarter in Li Auto Key Financial Results or Operating Highlights.,business=consolidated; geography/product=consolidated,,,
理想汽车,LI / 2015.HK,2024Q4,quarter,2024-10-01,2024-12-31,vehicle_deliveries,整车交付量,158696,辆,,group,,,,company_operating_metric,reported_measurement,company_disclosed,Li Auto Inc. Announces Unaudited 2024Q4 Financial Results,https://www.sec.gov/Archives/edgar/data/1791706/000110465925023764/tm259135d1_ex99-1.htm,SEC Form 6-K Exhibit 99.1; Key Financial Results and Operating Highlights,"Deliveries 158,696 vehicles",,,,false,needs_review,Deliveries as directly reported for the standalone quarter in Li Auto Key Financial Results or Operating Highlights.,business=consolidated; geography/product=consolidated,,,
理想汽车,LI / 2015.HK,2025Q1,quarter,2025-01-01,2025-03-31,gross_margin,毛利率,19.8,%,,business=Vehicle sales,Vehicle sales,,,GAAP,reported_currency,company_disclosed,Li Auto Inc. Announces Unaudited 2025Q1 Financial Results,https://www.sec.gov/Archives/edgar/data/1791706/000110465925053853/tm2516467d1_ex99-1.htm,SEC Form 6-K Exhibit 99.1; Key Financial Results and Operating Highlights,Vehicle margin 19.8 %,,,,false,needs_review,Vehicle margin as directly reported for the standalone quarter in Li Auto Key Financial Results or Operating Highlights.,business=vehicle_sales; geography/product=consolidated,,,
理想汽车,LI / 2015.HK,2025Q1,quarter,2025-01-01,2025-03-31,gross_margin,毛利率,20.5,%,,group,,,,GAAP,reported_currency,company_disclosed,Li Auto Inc. Announces Unaudited 2025Q1 Financial Results,https://www.sec.gov/Archives/edgar/data/1791706/000110465925053853/tm2516467d1_ex99-1.htm,SEC Form 6-K Exhibit 99.1; Key Financial Results and Operating Highlights,Gross margin 20.5 %,,,,false,needs_review,Gross margin as directly reported for the standalone quarter in Li Auto Key Financial Results or Operating Highlights.,business=consolidated; geography/product=consolidated,,,
理想汽车,LI / 2015.HK,2025Q1,quarter,2025-01-01,2025-03-31,gross_profit,毛利润,5318.5,CNY million,CNY,group,,,,GAAP,reported_currency,company_disclosed,Li Auto Inc. Announces Unaudited 2025Q1 Financial Results,https://www.sec.gov/Archives/edgar/data/1791706/000110465925053853/tm2516467d1_ex99-1.htm,SEC Form 6-K Exhibit 99.1; Key Financial Results and Operating Highlights,"Gross profit 5,318.5 CNY million",,,,false,needs_review,Gross profit as directly reported for the standalone quarter in Li Auto Key Financial Results or Operating Highlights.,business=consolidated; geography/product=consolidated,,,
理想汽车,LI / 2015.HK,2025Q1,quarter,2025-01-01,2025-03-31,net_income,净利润,646.6,CNY million,CNY,group,,,,GAAP,reported_currency,company_disclosed,Li Auto Inc. Announces Unaudited 2025Q1 Financial Results,https://www.sec.gov/Archives/edgar/data/1791706/000110465925053853/tm2516467d1_ex99-1.htm,SEC Form 6-K Exhibit 99.1; Key Financial Results and Operating Highlights,Net income/(loss) 646.6 CNY million,,,,false,needs_review,Net income/(loss) as directly reported for the standalone quarter in Li Auto Key Financial Results or Operating Highlights.,business=consolidated; geography/product=consolidated,,,
理想汽车,LI / 2015.HK,2025Q1,quarter,2025-01-01,2025-03-31,operating_cash_flow,经营活动现金流,-1701,CNY million,CNY,group,,,,GAAP,reported_currency,company_disclosed,Li Auto Inc. Announces Unaudited 2025Q1 Financial Results,https://www.sec.gov/Archives/edgar/data/1791706/000110465925053853/tm2516467d1_ex99-1.htm,SEC Form 6-K Exhibit 99.1; Key Financial Results and Operating Highlights,"Net cash provided by/(used in) operating activities -1,701 CNY million",,,,false,needs_review,Net cash provided by/(used in) operating activities as directly reported for the standalone quarter in Li Auto Key Financial Results or Operating Highlights.,business=consolidated; geography/product=consolidated,,,
理想汽车,LI / 2015.HK,2025Q1,quarter,2025-01-01,2025-03-31,operating_income,营业利润,271.7,CNY million,CNY,group,,,,GAAP,reported_currency,company_disclosed,Li Auto Inc. Announces Unaudited 2025Q1 Financial Results,https://www.sec.gov/Archives/edgar/data/1791706/000110465925053853/tm2516467d1_ex99-1.htm,SEC Form 6-K Exhibit 99.1; Key Financial Results and Operating Highlights,Income/(Loss) from operations 271.7 CNY million,,,,false,needs_review,Income/(Loss) from operations as directly reported for the standalone quarter in Li Auto Key Financial Results or Operating Highlights.,business=consolidated; geography/product=consolidated,,,
理想汽车,LI / 2015.HK,2025Q1,quarter,2025-01-01,2025-03-31,operating_margin,营业利润率,1,%,,group,,,,GAAP,reported_currency,company_disclosed,Li Auto Inc. Announces Unaudited 2025Q1 Financial Results,https://www.sec.gov/Archives/edgar/data/1791706/000110465925053853/tm2516467d1_ex99-1.htm,SEC Form 6-K Exhibit 99.1; Key Financial Results and Operating Highlights,Operating margin 1 %,,,,false,needs_review,Operating margin as directly reported for the standalone quarter in Li Auto Key Financial Results or Operating Highlights.,business=consolidated; geography/product=consolidated,,,
理想汽车,LI / 2015.HK,2025Q1,quarter,2025-01-01,2025-03-31,revenue,营业收入,24678.6,CNY million,CNY,business=Vehicle sales,Vehicle sales,,,GAAP,reported_currency,company_disclosed,Li Auto Inc. Announces Unaudited 2025Q1 Financial Results,https://www.sec.gov/Archives/edgar/data/1791706/000110465925053853/tm2516467d1_ex99-1.htm,SEC Form 6-K Exhibit 99.1; Key Financial Results and Operating Highlights,"Vehicle sales 24,678.6 CNY million",,,,false,needs_review,Vehicle sales as directly reported for the standalone quarter in Li Auto Key Financial Results or Operating Highlights.,business=vehicle_sales; geography/product=consolidated,,,
理想汽车,LI / 2015.HK,2025Q1,quarter,2025-01-01,2025-03-31,revenue,营业收入,25926.8,CNY million,CNY,group,,,,GAAP,reported_currency,company_disclosed,Li Auto Inc. Announces Unaudited 2025Q1 Financial Results,https://www.sec.gov/Archives/edgar/data/1791706/000110465925053853/tm2516467d1_ex99-1.htm,SEC Form 6-K Exhibit 99.1; Key Financial Results and Operating Highlights,"Total revenues 25,926.8 CNY million",,,,false,needs_review,Total revenues as directly reported for the standalone quarter in Li Auto Key Financial Results or Operating Highlights.,business=consolidated; geography/product=consolidated,,,
理想汽车,LI / 2015.HK,2025Q1,quarter,2025-01-01,2025-03-31,vehicle_deliveries,整车交付量,92864,辆,,group,,,,company_operating_metric,reported_measurement,company_disclosed,Li Auto Inc. Announces Unaudited 2025Q1 Financial Results,https://www.sec.gov/Archives/edgar/data/1791706/000110465925053853/tm2516467d1_ex99-1.htm,SEC Form 6-K Exhibit 99.1; Key Financial Results and Operating Highlights,"Deliveries 92,864 vehicles",,,,false,needs_review,Deliveries as directly reported for the standalone quarter in Li Auto Key Financial Results or Operating Highlights.,business=consolidated; geography/product=consolidated,,,
理想汽车,LI / 2015.HK,2025Q2,quarter,2025-04-01,2025-06-30,gross_margin,毛利率,19.4,%,,business=Vehicle sales,Vehicle sales,,,GAAP,reported_currency,company_disclosed,Li Auto Inc. Announces Unaudited 2025Q2 Financial Results,https://www.sec.gov/Archives/edgar/data/1791706/000110465925084336/tm2524527d1_ex99-1.htm,SEC Form 6-K Exhibit 99.1; Key Financial Results and Operating Highlights,Vehicle margin 19.4 %,,,,false,needs_review,Vehicle margin as directly reported for the standalone quarter in Li Auto Key Financial Results or Operating Highlights.,business=vehicle_sales; geography/product=consolidated,,,
理想汽车,LI / 2015.HK,2025Q2,quarter,2025-04-01,2025-06-30,gross_margin,毛利率,20.1,%,,group,,,,GAAP,reported_currency,company_disclosed,Li Auto Inc. Announces Unaudited 2025Q2 Financial Results,https://www.sec.gov/Archives/edgar/data/1791706/000110465925084336/tm2524527d1_ex99-1.htm,SEC Form 6-K Exhibit 99.1; Key Financial Results and Operating Highlights,Gross margin 20.1 %,,,,false,needs_review,Gross margin as directly reported for the standalone quarter in Li Auto Key Financial Results or Operating Highlights.,business=consolidated; geography/product=consolidated,,,
理想汽车,LI / 2015.HK,2025Q2,quarter,2025-04-01,2025-06-30,gross_profit,毛利润,6067,CNY million,CNY,group,,,,GAAP,reported_currency,company_disclosed,Li Auto Inc. Announces Unaudited 2025Q2 Financial Results,https://www.sec.gov/Archives/edgar/data/1791706/000110465925084336/tm2524527d1_ex99-1.htm,SEC Form 6-K Exhibit 99.1; Key Financial Results and Operating Highlights,"Gross profit 6,067 CNY million",,,,false,needs_review,Gross profit as directly reported for the standalone quarter in Li Auto Key Financial Results or Operating Highlights.,business=consolidated; geography/product=consolidated,,,
理想汽车,LI / 2015.HK,2025Q2,quarter,2025-04-01,2025-06-30,net_income,净利润,1096.9,CNY million,CNY,group,,,,GAAP,reported_currency,company_disclosed,Li Auto Inc. Announces Unaudited 2025Q2 Financial Results,https://www.sec.gov/Archives/edgar/data/1791706/000110465925084336/tm2524527d1_ex99-1.htm,SEC Form 6-K Exhibit 99.1; Key Financial Results and Operating Highlights,"Net income/(loss) 1,096.9 CNY million",,,,false,needs_review,Net income/(loss) as directly reported for the standalone quarter in Li Auto Key Financial Results or Operating Highlights.,business=consolidated; geography/product=consolidated,,,
理想汽车,LI / 2015.HK,2025Q2,quarter,2025-04-01,2025-06-30,operating_cash_flow,经营活动现金流,-3036.2,CNY million,CNY,group,,,,GAAP,reported_currency,company_disclosed,Li Auto Inc. Announces Unaudited 2025Q2 Financial Results,https://www.sec.gov/Archives/edgar/data/1791706/000110465925084336/tm2524527d1_ex99-1.htm,SEC Form 6-K Exhibit 99.1; Key Financial Results and Operating Highlights,"Net cash provided by/(used in) operating activities -3,036.2 CNY million",,,,false,needs_review,Net cash provided by/(used in) operating activities as directly reported for the standalone quarter in Li Auto Key Financial Results or Operating Highlights.,business=consolidated; geography/product=consolidated,,,
理想汽车,LI / 2015.HK,2025Q2,quarter,2025-04-01,2025-06-30,operating_income,营业利润,827,CNY million,CNY,group,,,,GAAP,reported_currency,company_disclosed,Li Auto Inc. Announces Unaudited 2025Q2 Financial Results,https://www.sec.gov/Archives/edgar/data/1791706/000110465925084336/tm2524527d1_ex99-1.htm,SEC Form 6-K Exhibit 99.1; Key Financial Results and Operating Highlights,Income/(Loss) from operations 827 CNY million,,,,false,needs_review,Income/(Loss) from operations as directly reported for the standalone quarter in Li Auto Key Financial Results or Operating Highlights.,business=consolidated; geography/product=consolidated,,,
理想汽车,LI / 2015.HK,2025Q2,quarter,2025-04-01,2025-06-30,operating_margin,营业利润率,2.7,%,,group,,,,GAAP,reported_currency,company_disclosed,Li Auto Inc. Announces Unaudited 2025Q2 Financial Results,https://www.sec.gov/Archives/edgar/data/1791706/000110465925084336/tm2524527d1_ex99-1.htm,SEC Form 6-K Exhibit 99.1; Key Financial Results and Operating Highlights,Operating margin 2.7 %,,,,false,needs_review,Operating margin as directly reported for the standalone quarter in Li Auto Key Financial Results or Operating Highlights.,business=consolidated; geography/product=consolidated,,,
理想汽车,LI / 2015.HK,2025Q2,quarter,2025-04-01,2025-06-30,revenue,营业收入,28885.1,CNY million,CNY,business=Vehicle sales,Vehicle sales,,,GAAP,reported_currency,company_disclosed,Li Auto Inc. Announces Unaudited 2025Q2 Financial Results,https://www.sec.gov/Archives/edgar/data/1791706/000110465925084336/tm2524527d1_ex99-1.htm,SEC Form 6-K Exhibit 99.1; Key Financial Results and Operating Highlights,"Vehicle sales 28,885.1 CNY million",,,,false,needs_review,Vehicle sales as directly reported for the standalone quarter in Li Auto Key Financial Results or Operating Highlights.,business=vehicle_sales; geography/product=consolidated,,,
理想汽车,LI / 2015.HK,2025Q2,quarter,2025-04-01,2025-06-30,revenue,营业收入,30245.6,CNY million,CNY,group,,,,GAAP,reported_currency,company_disclosed,Li Auto Inc. Announces Unaudited 2025Q2 Financial Results,https://www.sec.gov/Archives/edgar/data/1791706/000110465925084336/tm2524527d1_ex99-1.htm,SEC Form 6-K Exhibit 99.1; Key Financial Results and Operating Highlights,"Total revenues 30,245.6 CNY million",,,,false,needs_review,Total revenues as directly reported for the standalone quarter in Li Auto Key Financial Results or Operating Highlights.,business=consolidated; geography/product=consolidated,,,
理想汽车,LI / 2015.HK,2025Q2,quarter,2025-04-01,2025-06-30,vehicle_deliveries,整车交付量,111074,辆,,group,,,,company_operating_metric,reported_measurement,company_disclosed,Li Auto Inc. Announces Unaudited 2025Q2 Financial Results,https://www.sec.gov/Archives/edgar/data/1791706/000110465925084336/tm2524527d1_ex99-1.htm,SEC Form 6-K Exhibit 99.1; Key Financial Results and Operating Highlights,"Deliveries 111,074 vehicles",,,,false,needs_review,Deliveries as directly reported for the standalone quarter in Li Auto Key Financial Results or Operating Highlights.,business=consolidated; geography/product=consolidated,,,
理想汽车,LI / 2015.HK,2025Q3,quarter,2025-07-01,2025-09-30,gross_margin,毛利率,15.5,%,,business=Vehicle sales,Vehicle sales,,,GAAP,reported_currency,company_disclosed,Li Auto Inc. Announces Unaudited 2025Q3 Financial Results,https://www.sec.gov/Archives/edgar/data/1791706/000110465925116474/tm2532303d1_ex99-1.htm,SEC Form 6-K Exhibit 99.1; Key Financial Results and Operating Highlights,Vehicle margin 15.5 %,,,,false,needs_review,Vehicle margin as directly reported for the standalone quarter in Li Auto Key Financial Results or Operating Highlights.,business=vehicle_sales; geography/product=consolidated,,,
理想汽车,LI / 2015.HK,2025Q3,quarter,2025-07-01,2025-09-30,gross_margin,毛利率,16.3,%,,group,,,,GAAP,reported_currency,company_disclosed,Li Auto Inc. Announces Unaudited 2025Q3 Financial Results,https://www.sec.gov/Archives/edgar/data/1791706/000110465925116474/tm2532303d1_ex99-1.htm,SEC Form 6-K Exhibit 99.1; Key Financial Results and Operating Highlights,Gross margin 16.3 %,,,,false,needs_review,Gross margin as directly reported for the standalone quarter in Li Auto Key Financial Results or Operating Highlights.,business=consolidated; geography/product=consolidated,,,
理想汽车,LI / 2015.HK,2025Q3,quarter,2025-07-01,2025-09-30,gross_profit,毛利润,4469,CNY million,CNY,group,,,,GAAP,reported_currency,company_disclosed,Li Auto Inc. Announces Unaudited 2025Q3 Financial Results,https://www.sec.gov/Archives/edgar/data/1791706/000110465925116474/tm2532303d1_ex99-1.htm,SEC Form 6-K Exhibit 99.1; Key Financial Results and Operating Highlights,"Gross profit 4,469 CNY million",,,,false,needs_review,Gross profit as directly reported for the standalone quarter in Li Auto Key Financial Results or Operating Highlights.,business=consolidated; geography/product=consolidated,,,
理想汽车,LI / 2015.HK,2025Q3,quarter,2025-07-01,2025-09-30,net_income,净利润,-624.4,CNY million,CNY,group,,,,GAAP,reported_currency,company_disclosed,Li Auto Inc. Announces Unaudited 2025Q3 Financial Results,https://www.sec.gov/Archives/edgar/data/1791706/000110465925116474/tm2532303d1_ex99-1.htm,SEC Form 6-K Exhibit 99.1; Key Financial Results and Operating Highlights,Net income/(loss) -624.4 CNY million,,,,false,needs_review,Net income/(loss) as directly reported for the standalone quarter in Li Auto Key Financial Results or Operating Highlights.,business=consolidated; geography/product=consolidated,,,
理想汽车,LI / 2015.HK,2025Q3,quarter,2025-07-01,2025-09-30,operating_cash_flow,经营活动现金流,-7395.6,CNY million,CNY,group,,,,GAAP,reported_currency,company_disclosed,Li Auto Inc. Announces Unaudited 2025Q3 Financial Results,https://www.sec.gov/Archives/edgar/data/1791706/000110465925116474/tm2532303d1_ex99-1.htm,SEC Form 6-K Exhibit 99.1; Key Financial Results and Operating Highlights,"Net cash provided by/(used in) operating activities -7,395.6 CNY million",,,,false,needs_review,Net cash provided by/(used in) operating activities as directly reported for the standalone quarter in Li Auto Key Financial Results or Operating Highlights.,business=consolidated; geography/product=consolidated,,,
理想汽车,LI / 2015.HK,2025Q3,quarter,2025-07-01,2025-09-30,operating_income,营业利润,-1177.2,CNY million,CNY,group,,,,GAAP,reported_currency,company_disclosed,Li Auto Inc. Announces Unaudited 2025Q3 Financial Results,https://www.sec.gov/Archives/edgar/data/1791706/000110465925116474/tm2532303d1_ex99-1.htm,SEC Form 6-K Exhibit 99.1; Key Financial Results and Operating Highlights,"Income/(Loss) from operations -1,177.2 CNY million",,,,false,needs_review,Income/(Loss) from operations as directly reported for the standalone quarter in Li Auto Key Financial Results or Operating Highlights.,business=consolidated; geography/product=consolidated,,,
理想汽车,LI / 2015.HK,2025Q3,quarter,2025-07-01,2025-09-30,operating_margin,营业利润率,-4.3,%,,group,,,,GAAP,reported_currency,company_disclosed,Li Auto Inc. Announces Unaudited 2025Q3 Financial Results,https://www.sec.gov/Archives/edgar/data/1791706/000110465925116474/tm2532303d1_ex99-1.htm,SEC Form 6-K Exhibit 99.1; Key Financial Results and Operating Highlights,Operating margin -4.3 %,,,,false,needs_review,Operating margin as directly reported for the standalone quarter in Li Auto Key Financial Results or Operating Highlights.,business=consolidated; geography/product=consolidated,,,
理想汽车,LI / 2015.HK,2025Q3,quarter,2025-07-01,2025-09-30,revenue,营业收入,25867.1,CNY million,CNY,business=Vehicle sales,Vehicle sales,,,GAAP,reported_currency,company_disclosed,Li Auto Inc. Announces Unaudited 2025Q3 Financial Results,https://www.sec.gov/Archives/edgar/data/1791706/000110465925116474/tm2532303d1_ex99-1.htm,SEC Form 6-K Exhibit 99.1; Key Financial Results and Operating Highlights,"Vehicle sales 25,867.1 CNY million",,,,false,needs_review,Vehicle sales as directly reported for the standalone quarter in Li Auto Key Financial Results or Operating Highlights.,business=vehicle_sales; geography/product=consolidated,,,
理想汽车,LI / 2015.HK,2025Q3,quarter,2025-07-01,2025-09-30,revenue,营业收入,27364.7,CNY million,CNY,group,,,,GAAP,reported_currency,company_disclosed,Li Auto Inc. Announces Unaudited 2025Q3 Financial Results,https://www.sec.gov/Archives/edgar/data/1791706/000110465925116474/tm2532303d1_ex99-1.htm,SEC Form 6-K Exhibit 99.1; Key Financial Results and Operating Highlights,"Total revenues 27,364.7 CNY million",,,,false,needs_review,Total revenues as directly reported for the standalone quarter in Li Auto Key Financial Results or Operating Highlights.,business=consolidated; geography/product=consolidated,,,
理想汽车,LI / 2015.HK,2025Q3,quarter,2025-07-01,2025-09-30,vehicle_deliveries,整车交付量,93211,辆,,group,,,,company_operating_metric,reported_measurement,company_disclosed,Li Auto Inc. Announces Unaudited 2025Q3 Financial Results,https://www.sec.gov/Archives/edgar/data/1791706/000110465925116474/tm2532303d1_ex99-1.htm,SEC Form 6-K Exhibit 99.1; Key Financial Results and Operating Highlights,"Deliveries 93,211 vehicles",,,,false,needs_review,Deliveries as directly reported for the standalone quarter in Li Auto Key Financial Results or Operating Highlights.,business=consolidated; geography/product=consolidated,,,
理想汽车,LI / 2015.HK,2025Q4,quarter,2025-10-01,2025-12-31,gross_margin,毛利率,16.8,%,,business=Vehicle sales,Vehicle sales,,,GAAP,reported_currency,company_disclosed,Li Auto Inc. Announces Unaudited 2025Q4 Financial Results,https://www.sec.gov/Archives/edgar/data/1791706/000110465926026803/tm268559d1_ex99-1.htm,SEC Form 6-K Exhibit 99.1; Key Financial Results and Operating Highlights,Vehicle margin 16.8 %,,,,false,needs_review,Vehicle margin as directly reported for the standalone quarter in Li Auto Key Financial Results or Operating Highlights.,business=vehicle_sales; geography/product=consolidated,,,
理想汽车,LI / 2015.HK,2025Q4,quarter,2025-10-01,2025-12-31,gross_margin,毛利率,17.8,%,,group,,,,GAAP,reported_currency,company_disclosed,Li Auto Inc. Announces Unaudited 2025Q4 Financial Results,https://www.sec.gov/Archives/edgar/data/1791706/000110465926026803/tm268559d1_ex99-1.htm,SEC Form 6-K Exhibit 99.1; Key Financial Results and Operating Highlights,Gross margin 17.8 %,,,,false,needs_review,Gross margin as directly reported for the standalone quarter in Li Auto Key Financial Results or Operating Highlights.,business=consolidated; geography/product=consolidated,,,
理想汽车,LI / 2015.HK,2025Q4,quarter,2025-10-01,2025-12-31,gross_profit,毛利润,5130.6,CNY million,CNY,group,,,,GAAP,reported_currency,company_disclosed,Li Auto Inc. Announces Unaudited 2025Q4 Financial Results,https://www.sec.gov/Archives/edgar/data/1791706/000110465926026803/tm268559d1_ex99-1.htm,SEC Form 6-K Exhibit 99.1; Key Financial Results and Operating Highlights,"Gross profit 5,130.6 CNY million",,,,false,needs_review,Gross profit as directly reported for the standalone quarter in Li Auto Key Financial Results or Operating Highlights.,business=consolidated; geography/product=consolidated,,,
理想汽车,LI / 2015.HK,2025Q4,quarter,2025-10-01,2025-12-31,net_income,净利润,20.2,CNY million,CNY,group,,,,GAAP,reported_currency,company_disclosed,Li Auto Inc. Announces Unaudited 2025Q4 Financial Results,https://www.sec.gov/Archives/edgar/data/1791706/000110465926026803/tm268559d1_ex99-1.htm,SEC Form 6-K Exhibit 99.1; Key Financial Results and Operating Highlights,Net income/(loss) 20.2 CNY million,,,,false,needs_review,Net income/(loss) as directly reported for the standalone quarter in Li Auto Key Financial Results or Operating Highlights.,business=consolidated; geography/product=consolidated,,,
理想汽车,LI / 2015.HK,2025Q4,quarter,2025-10-01,2025-12-31,operating_cash_flow,经营活动现金流,3521.4,CNY million,CNY,group,,,,GAAP,reported_currency,company_disclosed,Li Auto Inc. Announces Unaudited 2025Q4 Financial Results,https://www.sec.gov/Archives/edgar/data/1791706/000110465926026803/tm268559d1_ex99-1.htm,SEC Form 6-K Exhibit 99.1; Key Financial Results and Operating Highlights,"Net cash provided by/(used in) operating activities 3,521.4 CNY million",,,,false,needs_review,Net cash provided by/(used in) operating activities as directly reported for the standalone quarter in Li Auto Key Financial Results or Operating Highlights.,business=consolidated; geography/product=consolidated,,,
理想汽车,LI / 2015.HK,2025Q4,quarter,2025-10-01,2025-12-31,operating_income,营业利润,-442.6,CNY million,CNY,group,,,,GAAP,reported_currency,company_disclosed,Li Auto Inc. Announces Unaudited 2025Q4 Financial Results,https://www.sec.gov/Archives/edgar/data/1791706/000110465926026803/tm268559d1_ex99-1.htm,SEC Form 6-K Exhibit 99.1; Key Financial Results and Operating Highlights,Income/(Loss) from operations -442.6 CNY million,,,,false,needs_review,Income/(Loss) from operations as directly reported for the standalone quarter in Li Auto Key Financial Results or Operating Highlights.,business=consolidated; geography/product=consolidated,,,
理想汽车,LI / 2015.HK,2025Q4,quarter,2025-10-01,2025-12-31,operating_margin,营业利润率,-1.5,%,,group,,,,GAAP,reported_currency,company_disclosed,Li Auto Inc. Announces Unaudited 2025Q4 Financial Results,https://www.sec.gov/Archives/edgar/data/1791706/000110465926026803/tm268559d1_ex99-1.htm,SEC Form 6-K Exhibit 99.1; Key Financial Results and Operating Highlights,Operating margin -1.5 %,,,,false,needs_review,Operating margin as directly reported for the standalone quarter in Li Auto Key Financial Results or Operating Highlights.,business=consolidated; geography/product=consolidated,,,
理想汽车,LI / 2015.HK,2025Q4,quarter,2025-10-01,2025-12-31,revenue,营业收入,27252.3,CNY million,CNY,business=Vehicle sales,Vehicle sales,,,GAAP,reported_currency,company_disclosed,Li Auto Inc. Announces Unaudited 2025Q4 Financial Results,https://www.sec.gov/Archives/edgar/data/1791706/000110465926026803/tm268559d1_ex99-1.htm,SEC Form 6-K Exhibit 99.1; Key Financial Results and Operating Highlights,"Vehicle sales 27,252.3 CNY million",,,,false,needs_review,Vehicle sales as directly reported for the standalone quarter in Li Auto Key Financial Results or Operating Highlights.,business=vehicle_sales; geography/product=consolidated,,,
理想汽车,LI / 2015.HK,2025Q4,quarter,2025-10-01,2025-12-31,revenue,营业收入,28775.4,CNY million,CNY,group,,,,GAAP,reported_currency,company_disclosed,Li Auto Inc. Announces Unaudited 2025Q4 Financial Results,https://www.sec.gov/Archives/edgar/data/1791706/000110465926026803/tm268559d1_ex99-1.htm,SEC Form 6-K Exhibit 99.1; Key Financial Results and Operating Highlights,"Total revenues 28,775.4 CNY million",,,,false,needs_review,Total revenues as directly reported for the standalone quarter in Li Auto Key Financial Results or Operating Highlights.,business=consolidated; geography/product=consolidated,,,
理想汽车,LI / 2015.HK,2025Q4,quarter,2025-10-01,2025-12-31,vehicle_deliveries,整车交付量,109194,辆,,group,,,,company_operating_metric,reported_measurement,company_disclosed,Li Auto Inc. Announces Unaudited 2025Q4 Financial Results,https://www.sec.gov/Archives/edgar/data/1791706/000110465926026803/tm268559d1_ex99-1.htm,SEC Form 6-K Exhibit 99.1; Key Financial Results and Operating Highlights,"Deliveries 109,194 vehicles",,,,false,needs_review,Deliveries as directly reported for the standalone quarter in Li Auto Key Financial Results or Operating Highlights.,business=consolidated; geography/product=consolidated,,,
理想汽车,LI / 2015.HK,2026Q1,quarter,2026-01-01,2026-03-31,gross_margin,毛利率,6.1,%,,business=Vehicle sales,Vehicle sales,,,GAAP,reported_currency,company_disclosed,Li Auto Inc. Announces Unaudited 2026Q1 Financial Results,https://www.sec.gov/Archives/edgar/data/1791706/000110465926067465/tm2615887d1_ex99-1.htm,SEC Form 6-K Exhibit 99.1; Key Financial Results and Operating Highlights,Vehicle margin 6.1 %,,,,false,needs_review,Vehicle margin as directly reported for the standalone quarter in Li Auto Key Financial Results or Operating Highlights.,business=vehicle_sales; geography/product=consolidated,,,
理想汽车,LI / 2015.HK,2026Q1,quarter,2026-01-01,2026-03-31,gross_margin,毛利率,7.9,%,,group,,,,GAAP,reported_currency,company_disclosed,Li Auto Inc. Announces Unaudited 2026Q1 Financial Results,https://www.sec.gov/Archives/edgar/data/1791706/000110465926067465/tm2615887d1_ex99-1.htm,SEC Form 6-K Exhibit 99.1; Key Financial Results and Operating Highlights,Gross margin 7.9 %,,,,false,needs_review,Gross margin as directly reported for the standalone quarter in Li Auto Key Financial Results or Operating Highlights.,business=consolidated; geography/product=consolidated,,,
理想汽车,LI / 2015.HK,2026Q1,quarter,2026-01-01,2026-03-31,gross_profit,毛利润,1808,CNY million,CNY,group,,,,GAAP,reported_currency,company_disclosed,Li Auto Inc. Announces Unaudited 2026Q1 Financial Results,https://www.sec.gov/Archives/edgar/data/1791706/000110465926067465/tm2615887d1_ex99-1.htm,SEC Form 6-K Exhibit 99.1; Key Financial Results and Operating Highlights,"Gross profit 1,808 CNY million",,,,false,needs_review,Gross profit as directly reported for the standalone quarter in Li Auto Key Financial Results or Operating Highlights.,business=consolidated; geography/product=consolidated,,,
理想汽车,LI / 2015.HK,2026Q1,quarter,2026-01-01,2026-03-31,net_income,净利润,-2276,CNY million,CNY,group,,,,GAAP,reported_currency,company_disclosed,Li Auto Inc. Announces Unaudited 2026Q1 Financial Results,https://www.sec.gov/Archives/edgar/data/1791706/000110465926067465/tm2615887d1_ex99-1.htm,SEC Form 6-K Exhibit 99.1; Key Financial Results and Operating Highlights,"Net income/(loss) -2,276 CNY million",,,,false,needs_review,Net income/(loss) as directly reported for the standalone quarter in Li Auto Key Financial Results or Operating Highlights.,business=consolidated; geography/product=consolidated,,,
理想汽车,LI / 2015.HK,2026Q1,quarter,2026-01-01,2026-03-31,operating_cash_flow,经营活动现金流,-6091,CNY million,CNY,group,,,,GAAP,reported_currency,company_disclosed,Li Auto Inc. Announces Unaudited 2026Q1 Financial Results,https://www.sec.gov/Archives/edgar/data/1791706/000110465926067465/tm2615887d1_ex99-1.htm,SEC Form 6-K Exhibit 99.1; Key Financial Results and Operating Highlights,"Net cash provided by/(used in) operating activities -6,091 CNY million",,,,false,needs_review,Net cash provided by/(used in) operating activities as directly reported for the standalone quarter in Li Auto Key Financial Results or Operating Highlights.,business=consolidated; geography/product=consolidated,,,
理想汽车,LI / 2015.HK,2026Q1,quarter,2026-01-01,2026-03-31,operating_income,营业利润,-2998.8,CNY million,CNY,group,,,,GAAP,reported_currency,company_disclosed,Li Auto Inc. Announces Unaudited 2026Q1 Financial Results,https://www.sec.gov/Archives/edgar/data/1791706/000110465926067465/tm2615887d1_ex99-1.htm,SEC Form 6-K Exhibit 99.1; Key Financial Results and Operating Highlights,"Income/(Loss) from operations -2,998.8 CNY million",,,,false,needs_review,Income/(Loss) from operations as directly reported for the standalone quarter in Li Auto Key Financial Results or Operating Highlights.,business=consolidated; geography/product=consolidated,,,
理想汽车,LI / 2015.HK,2026Q1,quarter,2026-01-01,2026-03-31,operating_margin,营业利润率,-13,%,,group,,,,GAAP,reported_currency,company_disclosed,Li Auto Inc. Announces Unaudited 2026Q1 Financial Results,https://www.sec.gov/Archives/edgar/data/1791706/000110465926067465/tm2615887d1_ex99-1.htm,SEC Form 6-K Exhibit 99.1; Key Financial Results and Operating Highlights,Operating margin -13 %,,,,false,needs_review,Operating margin as directly reported for the standalone quarter in Li Auto Key Financial Results or Operating Highlights.,business=consolidated; geography/product=consolidated,,,
理想汽车,LI / 2015.HK,2026Q1,quarter,2026-01-01,2026-03-31,revenue,营业收入,21533.2,CNY million,CNY,business=Vehicle sales,Vehicle sales,,,GAAP,reported_currency,company_disclosed,Li Auto Inc. Announces Unaudited 2026Q1 Financial Results,https://www.sec.gov/Archives/edgar/data/1791706/000110465926067465/tm2615887d1_ex99-1.htm,SEC Form 6-K Exhibit 99.1; Key Financial Results and Operating Highlights,"Vehicle sales 21,533.2 CNY million",,,,false,needs_review,Vehicle sales as directly reported for the standalone quarter in Li Auto Key Financial Results or Operating Highlights.,business=vehicle_sales; geography/product=consolidated,,,
理想汽车,LI / 2015.HK,2026Q1,quarter,2026-01-01,2026-03-31,revenue,营业收入,22982.9,CNY million,CNY,group,,,,GAAP,reported_currency,company_disclosed,Li Auto Inc. Announces Unaudited 2026Q1 Financial Results,https://www.sec.gov/Archives/edgar/data/1791706/000110465926067465/tm2615887d1_ex99-1.htm,SEC Form 6-K Exhibit 99.1; Key Financial Results and Operating Highlights,"Total revenues 22,982.9 CNY million",,,,false,needs_review,Total revenues as directly reported for the standalone quarter in Li Auto Key Financial Results or Operating Highlights.,business=consolidated; geography/product=consolidated,,,
理想汽车,LI / 2015.HK,2026Q1,quarter,2026-01-01,2026-03-31,vehicle_deliveries,整车交付量,95142,辆,,group,,,,company_operating_metric,reported_measurement,company_disclosed,Li Auto Inc. Announces Unaudited 2026Q1 Financial Results,https://www.sec.gov/Archives/edgar/data/1791706/000110465926067465/tm2615887d1_ex99-1.htm,SEC Form 6-K Exhibit 99.1; Key Financial Results and Operating Highlights,"Deliveries 95,142 vehicles",,,,false,needs_review,Deliveries as directly reported for the standalone quarter in Li Auto Key Financial Results or Operating Highlights.,business=consolidated; geography/product=consolidated,,,
英伟达,NVDA,FY2022,fy,2021-02-01,2022-01-30,gross_margin,毛利率,64.9,%,,group,,,,GAAP,reported_currency,company_disclosed,NVIDIA Announces Financial Results — FY2023,https://investor.nvidia.com/news/press-release-details/2023/NVIDIA-Announces-Financial-Results-for-Fourth-Quarter-and-Fiscal-2023/,FY2023 Summary — GAAP,Fiscal 2022 GAAP Gross margin 64.9 %,,,,false,needs_review,Gross margin in NVIDIA GAAP quarterly/fiscal summary tables.,business/geography/product=consolidated,,,
英伟达,NVDA,FY2022,fy,2021-02-01,2022-01-30,net_income,净利润,9752,USD million,USD,group,,,,GAAP,reported_currency,company_disclosed,NVIDIA Announces Financial Results — FY2023,https://investor.nvidia.com/news/press-release-details/2023/NVIDIA-Announces-Financial-Results-for-Fourth-Quarter-and-Fiscal-2023/,FY2023 Summary — GAAP,"Fiscal 2022 GAAP Net income 9,752 USD million",,,,false,needs_review,Net income in NVIDIA GAAP quarterly/fiscal summary tables.,business/geography/product=consolidated,,,
英伟达,NVDA,FY2022,fy,2021-02-01,2022-01-30,operating_income,营业利润,10041,USD million,USD,group,,,,GAAP,reported_currency,company_disclosed,NVIDIA Announces Financial Results — FY2023,https://investor.nvidia.com/news/press-release-details/2023/NVIDIA-Announces-Financial-Results-for-Fourth-Quarter-and-Fiscal-2023/,FY2023 Summary — GAAP,"Fiscal 2022 GAAP Operating income 10,041 USD million",,,,false,needs_review,Operating income in NVIDIA GAAP quarterly/fiscal summary tables.,business/geography/product=consolidated,,,
英伟达,NVDA,FY2022,fy,2021-02-01,2022-01-30,revenue,营业收入,26914,USD million,USD,group,,,,GAAP,reported_currency,company_disclosed,NVIDIA Announces Financial Results — FY2023,https://investor.nvidia.com/news/press-release-details/2023/NVIDIA-Announces-Financial-Results-for-Fourth-Quarter-and-Fiscal-2023/,FY2023 Summary — GAAP,"Fiscal 2022 GAAP Revenue 26,914 USD million",,,,false,needs_review,Revenue in NVIDIA GAAP quarterly/fiscal summary tables.,business/geography/product=consolidated,,,
英伟达,NVDA,FY2023,fy,2022-01-31,2023-01-29,gross_margin,毛利率,56.9,%,,group,,,,GAAP,reported_currency,company_disclosed,NVIDIA Announces Financial Results — FY2023,https://investor.nvidia.com/news/press-release-details/2023/NVIDIA-Announces-Financial-Results-for-Fourth-Quarter-and-Fiscal-2023/,FY2023 Summary — GAAP,Fiscal 2023 GAAP Gross margin 56.9 %,,,,false,needs_review,Gross margin in NVIDIA GAAP quarterly/fiscal summary tables.,business/geography/product=consolidated,,,
英伟达,NVDA,FY2023,fy,2022-01-31,2023-01-29,net_income,净利润,4368,USD million,USD,group,,,,GAAP,reported_currency,company_disclosed,NVIDIA Announces Financial Results — FY2023,https://investor.nvidia.com/news/press-release-details/2023/NVIDIA-Announces-Financial-Results-for-Fourth-Quarter-and-Fiscal-2023/,FY2023 Summary — GAAP,"Fiscal 2023 GAAP Net income 4,368 USD million",,,,false,needs_review,Net income in NVIDIA GAAP quarterly/fiscal summary tables.,business/geography/product=consolidated,,,
英伟达,NVDA,FY2023,fy,2022-01-31,2023-01-29,operating_income,营业利润,4224,USD million,USD,group,,,,GAAP,reported_currency,company_disclosed,NVIDIA Announces Financial Results — FY2023,https://investor.nvidia.com/news/press-release-details/2023/NVIDIA-Announces-Financial-Results-for-Fourth-Quarter-and-Fiscal-2023/,FY2023 Summary — GAAP,"Fiscal 2023 GAAP Operating income 4,224 USD million",,,,false,needs_review,Operating income in NVIDIA GAAP quarterly/fiscal summary tables.,business/geography/product=consolidated,,,
英伟达,NVDA,FY2023,fy,2022-01-31,2023-01-29,revenue,营业收入,26974,USD million,USD,group,,,,GAAP,reported_currency,company_disclosed,NVIDIA Announces Financial Results — FY2023,https://investor.nvidia.com/news/press-release-details/2023/NVIDIA-Announces-Financial-Results-for-Fourth-Quarter-and-Fiscal-2023/,FY2023 Summary — GAAP,"Fiscal 2023 GAAP Revenue 26,974 USD million",,,,false,needs_review,Revenue in NVIDIA GAAP quarterly/fiscal summary tables.,business/geography/product=consolidated,,,
英伟达,NVDA,FY2024,fy,2023-01-30,2024-01-28,gross_margin,毛利率,72.7,%,,group,,,,GAAP,reported_currency,company_disclosed,NVIDIA Announces Financial Results — FY2024,https://investor.nvidia.com/news/press-release-details/2024/NVIDIA-Announces-Financial-Results-for-Fourth-Quarter-and-Fiscal-2024/,FY2024 Summary — GAAP,Fiscal 2024 GAAP Gross margin 72.7 %,,,,false,needs_review,Gross margin in NVIDIA GAAP quarterly/fiscal summary tables.,business/geography/product=consolidated,,,
英伟达,NVDA,FY2024,fy,2023-01-30,2024-01-28,net_income,净利润,29760,USD million,USD,group,,,,GAAP,reported_currency,company_disclosed,NVIDIA Announces Financial Results — FY2024,https://investor.nvidia.com/news/press-release-details/2024/NVIDIA-Announces-Financial-Results-for-Fourth-Quarter-and-Fiscal-2024/,FY2024 Summary — GAAP,"Fiscal 2024 GAAP Net income 29,760 USD million",,,,false,needs_review,Net income in NVIDIA GAAP quarterly/fiscal summary tables.,business/geography/product=consolidated,,,
英伟达,NVDA,FY2024,fy,2023-01-30,2024-01-28,operating_income,营业利润,32972,USD million,USD,group,,,,GAAP,reported_currency,company_disclosed,NVIDIA Announces Financial Results — FY2024,https://investor.nvidia.com/news/press-release-details/2024/NVIDIA-Announces-Financial-Results-for-Fourth-Quarter-and-Fiscal-2024/,FY2024 Summary — GAAP,"Fiscal 2024 GAAP Operating income 32,972 USD million",,,,false,needs_review,Operating income in NVIDIA GAAP quarterly/fiscal summary tables.,business/geography/product=consolidated,,,
英伟达,NVDA,FY2024,fy,2023-01-30,2024-01-28,revenue,营业收入,60922,USD million,USD,group,,,,GAAP,reported_currency,company_disclosed,NVIDIA Announces Financial Results — FY2024,https://investor.nvidia.com/news/press-release-details/2024/NVIDIA-Announces-Financial-Results-for-Fourth-Quarter-and-Fiscal-2024/,FY2024 Summary — GAAP,"Fiscal 2024 GAAP Revenue 60,922 USD million",,,,false,needs_review,Revenue in NVIDIA GAAP quarterly/fiscal summary tables.,business/geography/product=consolidated,,,
英伟达,NVDA,FY2025Q2,quarter,2024-04-29,2024-07-28,gross_margin,毛利率,75.1,%,,group,,,,GAAP,reported_currency,company_disclosed,NVIDIA Announces Financial Results — FY2025Q2,https://investor.nvidia.com/news/press-release-details/2024/NVIDIA-Announces-Financial-Results-for-Second-Quarter-Fiscal-2025/default.aspx,2025Q2 Summary — GAAP；Highlights — Data Center,GAAP Gross margin 75.1 %,,,,false,needs_review,Gross margin in NVIDIA GAAP quarterly/fiscal summary tables.,business/geography/product=consolidated,,,
英伟达,NVDA,FY2025Q2,quarter,2024-04-29,2024-07-28,net_income,净利润,16599,USD million,USD,group,,,,GAAP,reported_currency,company_disclosed,NVIDIA Announces Financial Results — FY2025Q2,https://investor.nvidia.com/news/press-release-details/2024/NVIDIA-Announces-Financial-Results-for-Second-Quarter-Fiscal-2025/default.aspx,2025Q2 Summary — GAAP；Highlights — Data Center,"GAAP Net income 16,599 USD million",,,,false,needs_review,Net income in NVIDIA GAAP quarterly/fiscal summary tables.,business/geography/product=consolidated,,,
英伟达,NVDA,FY2025Q2,quarter,2024-04-29,2024-07-28,operating_income,营业利润,18642,USD million,USD,group,,,,GAAP,reported_currency,company_disclosed,NVIDIA Announces Financial Results — FY2025Q2,https://investor.nvidia.com/news/press-release-details/2024/NVIDIA-Announces-Financial-Results-for-Second-Quarter-Fiscal-2025/default.aspx,2025Q2 Summary — GAAP；Highlights — Data Center,"GAAP Operating income 18,642 USD million",,,,false,needs_review,Operating income in NVIDIA GAAP quarterly/fiscal summary tables.,business/geography/product=consolidated,,,
英伟达,NVDA,FY2025Q2,quarter,2024-04-29,2024-07-28,revenue,营业收入,26300,USD million,USD,business=Data Center,Data Center,,,GAAP,reported_currency,company_disclosed,NVIDIA Announces Financial Results — FY2025Q2,https://investor.nvidia.com/news/press-release-details/2024/NVIDIA-Announces-Financial-Results-for-Second-Quarter-Fiscal-2025/default.aspx,2025Q2 Summary — GAAP；Highlights — Data Center,Data Center revenue $26.3 billion,,,,false,needs_review,NVIDIA 顶层 Data Center market-platform revenue。FY2027Q1 改变了下层市场平台展示，并对 FY2026Q1/FY2026Q4 可比期重列；该变化不构成顶层 Data Center 序列的机械断点。更早期间沿用同一顶层标签，但当前 10-Q 未逐期提供完整重列证明，保留 comparability warning。,business=data_center; geography/product=consolidated,同一顶层 Data Center 标签；当前 FY2027Q1 10-Q 未逐期重列全部更早期间，保留证据范围警示但不制造定义断点。,,
英伟达,NVDA,FY2025Q2,quarter,2024-04-29,2024-07-28,revenue,营业收入,30040,USD million,USD,group,,,,GAAP,reported_currency,company_disclosed,NVIDIA Announces Financial Results — FY2025Q2,https://investor.nvidia.com/news/press-release-details/2024/NVIDIA-Announces-Financial-Results-for-Second-Quarter-Fiscal-2025/default.aspx,2025Q2 Summary — GAAP；Highlights — Data Center,"GAAP Revenue 30,040 USD million",,,,false,needs_review,Revenue in NVIDIA GAAP quarterly/fiscal summary tables.,business/geography/product=consolidated,,,
英伟达,NVDA,FY2025Q3,quarter,2024-07-29,2024-10-27,gross_margin,毛利率,74.6,%,,group,,,,GAAP,reported_currency,company_disclosed,NVIDIA Announces Financial Results — FY2025Q3,https://investor.nvidia.com/news/press-release-details/2024/NVIDIA-Announces-Financial-Results-for-Third-Quarter-Fiscal-2025/default.aspx,2025Q3 Summary — GAAP；Highlights — Data Center,GAAP Gross margin 74.6 %,,,,false,needs_review,Gross margin in NVIDIA GAAP quarterly/fiscal summary tables.,business/geography/product=consolidated,,,
英伟达,NVDA,FY2025Q3,quarter,2024-07-29,2024-10-27,net_income,净利润,19309,USD million,USD,group,,,,GAAP,reported_currency,company_disclosed,NVIDIA Announces Financial Results — FY2025Q3,https://investor.nvidia.com/news/press-release-details/2024/NVIDIA-Announces-Financial-Results-for-Third-Quarter-Fiscal-2025/default.aspx,2025Q3 Summary — GAAP；Highlights — Data Center,"GAAP Net income 19,309 USD million",,,,false,needs_review,Net income in NVIDIA GAAP quarterly/fiscal summary tables.,business/geography/product=consolidated,,,
英伟达,NVDA,FY2025Q3,quarter,2024-07-29,2024-10-27,operating_income,营业利润,21869,USD million,USD,group,,,,GAAP,reported_currency,company_disclosed,NVIDIA Announces Financial Results — FY2025Q3,https://investor.nvidia.com/news/press-release-details/2024/NVIDIA-Announces-Financial-Results-for-Third-Quarter-Fiscal-2025/default.aspx,2025Q3 Summary — GAAP；Highlights — Data Center,"GAAP Operating income 21,869 USD million",,,,false,needs_review,Operating income in NVIDIA GAAP quarterly/fiscal summary tables.,business/geography/product=consolidated,,,
英伟达,NVDA,FY2025Q3,quarter,2024-07-29,2024-10-27,revenue,营业收入,30800,USD million,USD,business=Data Center,Data Center,,,GAAP,reported_currency,company_disclosed,NVIDIA Announces Financial Results — FY2025Q3,https://investor.nvidia.com/news/press-release-details/2024/NVIDIA-Announces-Financial-Results-for-Third-Quarter-Fiscal-2025/default.aspx,2025Q3 Summary — GAAP；Highlights — Data Center,Data Center revenue $30.8 billion,,,,false,needs_review,NVIDIA 顶层 Data Center market-platform revenue。FY2027Q1 改变了下层市场平台展示，并对 FY2026Q1/FY2026Q4 可比期重列；该变化不构成顶层 Data Center 序列的机械断点。更早期间沿用同一顶层标签，但当前 10-Q 未逐期提供完整重列证明，保留 comparability warning。,business=data_center; geography/product=consolidated,同一顶层 Data Center 标签；当前 FY2027Q1 10-Q 未逐期重列全部更早期间，保留证据范围警示但不制造定义断点。,,
英伟达,NVDA,FY2025Q3,quarter,2024-07-29,2024-10-27,revenue,营业收入,35082,USD million,USD,group,,,,GAAP,reported_currency,company_disclosed,NVIDIA Announces Financial Results — FY2025Q3,https://investor.nvidia.com/news/press-release-details/2024/NVIDIA-Announces-Financial-Results-for-Third-Quarter-Fiscal-2025/default.aspx,2025Q3 Summary — GAAP；Highlights — Data Center,"GAAP Revenue 35,082 USD million",,,,false,needs_review,Revenue in NVIDIA GAAP quarterly/fiscal summary tables.,business/geography/product=consolidated,,,
英伟达,NVDA,FY2025,fy,2024-01-29,2025-01-26,gross_margin,毛利率,75,%,,group,,,,GAAP,reported_currency,company_disclosed,NVIDIA Announces Financial Results — FY2025Q4,https://investor.nvidia.com/news/press-release-details/2025/NVIDIA-Announces-Financial-Results-for-Fourth-Quarter-and-Fiscal-2025/default.aspx,2025Q4 Summary — GAAP；Highlights — Data Center,Fiscal 2025 GAAP Gross margin 75 %,,,,false,needs_review,Gross margin in NVIDIA GAAP quarterly/fiscal summary tables.,business/geography/product=consolidated,,,
英伟达,NVDA,FY2025,fy,2024-01-29,2025-01-26,net_income,净利润,72880,USD million,USD,group,,,,GAAP,reported_currency,company_disclosed,NVIDIA Announces Financial Results — FY2025Q4,https://investor.nvidia.com/news/press-release-details/2025/NVIDIA-Announces-Financial-Results-for-Fourth-Quarter-and-Fiscal-2025/default.aspx,2025Q4 Summary — GAAP；Highlights — Data Center,"Fiscal 2025 GAAP Net income 72,880 USD million",,,,false,needs_review,Net income in NVIDIA GAAP quarterly/fiscal summary tables.,business/geography/product=consolidated,,,
英伟达,NVDA,FY2025,fy,2024-01-29,2025-01-26,operating_income,营业利润,81453,USD million,USD,group,,,,GAAP,reported_currency,company_disclosed,NVIDIA Announces Financial Results — FY2025Q4,https://investor.nvidia.com/news/press-release-details/2025/NVIDIA-Announces-Financial-Results-for-Fourth-Quarter-and-Fiscal-2025/default.aspx,2025Q4 Summary — GAAP；Highlights — Data Center,"Fiscal 2025 GAAP Operating income 81,453 USD million",,,,false,needs_review,Operating income in NVIDIA GAAP quarterly/fiscal summary tables.,business/geography/product=consolidated,,,
英伟达,NVDA,FY2025,fy,2024-01-29,2025-01-26,revenue,营业收入,130497,USD million,USD,group,,,,GAAP,reported_currency,company_disclosed,NVIDIA Announces Financial Results — FY2025Q4,https://investor.nvidia.com/news/press-release-details/2025/NVIDIA-Announces-Financial-Results-for-Fourth-Quarter-and-Fiscal-2025/default.aspx,2025Q4 Summary — GAAP；Highlights — Data Center,"Fiscal 2025 GAAP Revenue 130,497 USD million",,,,false,needs_review,Revenue in NVIDIA GAAP quarterly/fiscal summary tables.,business/geography/product=consolidated,,,
英伟达,NVDA,FY2025Q4,quarter,2024-10-28,2025-01-26,gross_margin,毛利率,73,%,,group,,,,GAAP,reported_currency,company_disclosed,NVIDIA Announces Financial Results — FY2025Q4,https://investor.nvidia.com/news/press-release-details/2025/NVIDIA-Announces-Financial-Results-for-Fourth-Quarter-and-Fiscal-2025/default.aspx,2025Q4 Summary — GAAP；Highlights — Data Center,GAAP Gross margin 73 %,,,,false,needs_review,Gross margin in NVIDIA GAAP quarterly/fiscal summary tables.,business/geography/product=consolidated,,,
英伟达,NVDA,FY2025Q4,quarter,2024-10-28,2025-01-26,net_income,净利润,22091,USD million,USD,group,,,,GAAP,reported_currency,company_disclosed,NVIDIA Announces Financial Results — FY2025Q4,https://investor.nvidia.com/news/press-release-details/2025/NVIDIA-Announces-Financial-Results-for-Fourth-Quarter-and-Fiscal-2025/default.aspx,2025Q4 Summary — GAAP；Highlights — Data Center,"GAAP Net income 22,091 USD million",,,,false,needs_review,Net income in NVIDIA GAAP quarterly/fiscal summary tables.,business/geography/product=consolidated,,,
英伟达,NVDA,FY2025Q4,quarter,2024-10-28,2025-01-26,operating_income,营业利润,24034,USD million,USD,group,,,,GAAP,reported_currency,company_disclosed,NVIDIA Announces Financial Results — FY2025Q4,https://investor.nvidia.com/news/press-release-details/2025/NVIDIA-Announces-Financial-Results-for-Fourth-Quarter-and-Fiscal-2025/default.aspx,2025Q4 Summary — GAAP；Highlights — Data Center,"GAAP Operating income 24,034 USD million",,,,false,needs_review,Operating income in NVIDIA GAAP quarterly/fiscal summary tables.,business/geography/product=consolidated,,,
英伟达,NVDA,FY2025Q4,quarter,2024-10-28,2025-01-26,revenue,营业收入,35600,USD million,USD,business=Data Center,Data Center,,,GAAP,reported_currency,company_disclosed,NVIDIA Announces Financial Results — FY2025Q4,https://investor.nvidia.com/news/press-release-details/2025/NVIDIA-Announces-Financial-Results-for-Fourth-Quarter-and-Fiscal-2025/default.aspx,2025Q4 Summary — GAAP；Highlights — Data Center,Data Center revenue $35.6 billion,,,,false,needs_review,NVIDIA 顶层 Data Center market-platform revenue。FY2027Q1 改变了下层市场平台展示，并对 FY2026Q1/FY2026Q4 可比期重列；该变化不构成顶层 Data Center 序列的机械断点。更早期间沿用同一顶层标签，但当前 10-Q 未逐期提供完整重列证明，保留 comparability warning。,business=data_center; geography/product=consolidated,同一顶层 Data Center 标签；当前 FY2027Q1 10-Q 未逐期重列全部更早期间，保留证据范围警示但不制造定义断点。,,
英伟达,NVDA,FY2025Q4,quarter,2024-10-28,2025-01-26,revenue,营业收入,39331,USD million,USD,group,,,,GAAP,reported_currency,company_disclosed,NVIDIA Announces Financial Results — FY2025Q4,https://investor.nvidia.com/news/press-release-details/2025/NVIDIA-Announces-Financial-Results-for-Fourth-Quarter-and-Fiscal-2025/default.aspx,2025Q4 Summary — GAAP；Highlights — Data Center,"GAAP Revenue 39,331 USD million",,,,false,needs_review,Revenue in NVIDIA GAAP quarterly/fiscal summary tables.,business/geography/product=consolidated,,,
英伟达,NVDA,FY2026Q1,quarter,2025-01-27,2025-04-27,gross_margin,毛利率,60.5,%,,group,,,,GAAP,reported_currency,company_disclosed,NVIDIA Announces Financial Results — FY2026Q1,https://investor.nvidia.com/news/press-release-details/2025/NVIDIA-Announces-Financial-Results-for-First-Quarter-Fiscal-2026/,2026Q1 Summary — GAAP；Highlights — Data Center,GAAP Gross margin 60.5 %,,,,false,needs_review,Gross margin in NVIDIA GAAP quarterly/fiscal summary tables.,business/geography/product=consolidated,,,
英伟达,NVDA,FY2026Q1,quarter,2025-01-27,2025-04-27,net_income,净利润,18775,USD million,USD,group,,,,GAAP,reported_currency,company_disclosed,NVIDIA Announces Financial Results — FY2026Q1,https://investor.nvidia.com/news/press-release-details/2025/NVIDIA-Announces-Financial-Results-for-First-Quarter-Fiscal-2026/,2026Q1 Summary — GAAP；Highlights — Data Center,"GAAP Net income 18,775 USD million",,,,false,needs_review,Net income in NVIDIA GAAP quarterly/fiscal summary tables.,business/geography/product=consolidated,,,
英伟达,NVDA,FY2026Q1,quarter,2025-01-27,2025-04-27,operating_income,营业利润,21638,USD million,USD,group,,,,GAAP,reported_currency,company_disclosed,NVIDIA Announces Financial Results — FY2026Q1,https://investor.nvidia.com/news/press-release-details/2025/NVIDIA-Announces-Financial-Results-for-First-Quarter-Fiscal-2026/,2026Q1 Summary — GAAP；Highlights — Data Center,"GAAP Operating income 21,638 USD million",,,,false,needs_review,Operating income in NVIDIA GAAP quarterly/fiscal summary tables.,business/geography/product=consolidated,,,
英伟达,NVDA,FY2026Q1,quarter,2025-01-27,2025-04-27,revenue,营业收入,39100,USD million,USD,business=Data Center,Data Center,,,GAAP,reported_currency,company_disclosed,NVIDIA Announces Financial Results — FY2026Q1,https://investor.nvidia.com/news/press-release-details/2025/NVIDIA-Announces-Financial-Results-for-First-Quarter-Fiscal-2026/,2026Q1 Summary — GAAP；Highlights — Data Center,Data Center revenue $39.1 billion,,,,false,needs_review,NVIDIA 顶层 Data Center market-platform revenue。FY2027Q1 改变了下层市场平台展示，并对 FY2026Q1/FY2026Q4 可比期重列；该变化不构成顶层 Data Center 序列的机械断点。更早期间沿用同一顶层标签，但当前 10-Q 未逐期提供完整重列证明，保留 comparability warning。,business=data_center; geography/product=consolidated,FY2027Q1 10-Q 明确改变下层展示并重列可比期；顶层 Data Center 序列保持可比。,,
英伟达,NVDA,FY2026Q1,quarter,2025-01-27,2025-04-27,revenue,营业收入,44062,USD million,USD,group,,,,GAAP,reported_currency,company_disclosed,NVIDIA Announces Financial Results — FY2026Q1,https://investor.nvidia.com/news/press-release-details/2025/NVIDIA-Announces-Financial-Results-for-First-Quarter-Fiscal-2026/,2026Q1 Summary — GAAP；Highlights — Data Center,"GAAP Revenue 44,062 USD million",,,,false,needs_review,Revenue in NVIDIA GAAP quarterly/fiscal summary tables.,business/geography/product=consolidated,,,
英伟达,NVDA,FY2026Q2,quarter,2025-04-28,2025-07-27,gross_margin,毛利率,72.4,%,,group,,,,GAAP,reported_currency,company_disclosed,NVIDIA Announces Financial Results — FY2026Q2,https://investor.nvidia.com/news/press-release-details/2025/NVIDIA-Announces-Financial-Results-for-Second-Quarter-Fiscal-2026/default.aspx,2026Q2 Summary — GAAP；Highlights — Data Center,GAAP Gross margin 72.4 %,,,,false,needs_review,Gross margin in NVIDIA GAAP quarterly/fiscal summary tables.,business/geography/product=consolidated,,,
英伟达,NVDA,FY2026Q2,quarter,2025-04-28,2025-07-27,net_income,净利润,26422,USD million,USD,group,,,,GAAP,reported_currency,company_disclosed,NVIDIA Announces Financial Results — FY2026Q2,https://investor.nvidia.com/news/press-release-details/2025/NVIDIA-Announces-Financial-Results-for-Second-Quarter-Fiscal-2026/default.aspx,2026Q2 Summary — GAAP；Highlights — Data Center,"GAAP Net income 26,422 USD million",,,,false,needs_review,Net income in NVIDIA GAAP quarterly/fiscal summary tables.,business/geography/product=consolidated,,,
英伟达,NVDA,FY2026Q2,quarter,2025-04-28,2025-07-27,operating_income,营业利润,28440,USD million,USD,group,,,,GAAP,reported_currency,company_disclosed,NVIDIA Announces Financial Results — FY2026Q2,https://investor.nvidia.com/news/press-release-details/2025/NVIDIA-Announces-Financial-Results-for-Second-Quarter-Fiscal-2026/default.aspx,2026Q2 Summary — GAAP；Highlights — Data Center,"GAAP Operating income 28,440 USD million",,,,false,needs_review,Operating income in NVIDIA GAAP quarterly/fiscal summary tables.,business/geography/product=consolidated,,,
英伟达,NVDA,FY2026Q2,quarter,2025-04-28,2025-07-27,revenue,营业收入,41100,USD million,USD,business=Data Center,Data Center,,,GAAP,reported_currency,company_disclosed,NVIDIA Announces Financial Results — FY2026Q2,https://investor.nvidia.com/news/press-release-details/2025/NVIDIA-Announces-Financial-Results-for-Second-Quarter-Fiscal-2026/default.aspx,2026Q2 Summary — GAAP；Highlights — Data Center,Data Center revenue $41.1 billion,,,,false,needs_review,NVIDIA 顶层 Data Center market-platform revenue。FY2027Q1 改变了下层市场平台展示，并对 FY2026Q1/FY2026Q4 可比期重列；该变化不构成顶层 Data Center 序列的机械断点。更早期间沿用同一顶层标签，但当前 10-Q 未逐期提供完整重列证明，保留 comparability warning。,business=data_center; geography/product=consolidated,同一顶层 Data Center 标签；当前 FY2027Q1 10-Q 未逐期重列全部更早期间，保留证据范围警示但不制造定义断点。,,
英伟达,NVDA,FY2026Q2,quarter,2025-04-28,2025-07-27,revenue,营业收入,46743,USD million,USD,group,,,,GAAP,reported_currency,company_disclosed,NVIDIA Announces Financial Results — FY2026Q2,https://investor.nvidia.com/news/press-release-details/2025/NVIDIA-Announces-Financial-Results-for-Second-Quarter-Fiscal-2026/default.aspx,2026Q2 Summary — GAAP；Highlights — Data Center,"GAAP Revenue 46,743 USD million",,,,false,needs_review,Revenue in NVIDIA GAAP quarterly/fiscal summary tables.,business/geography/product=consolidated,,,
英伟达,NVDA,FY2026Q3,quarter,2025-07-28,2025-10-26,gross_margin,毛利率,73.4,%,,group,,,,GAAP,reported_currency,company_disclosed,NVIDIA Announces Financial Results — FY2026Q3,https://investor.nvidia.com/news/press-release-details/2025/NVIDIA-Announces-Financial-Results-for-Third-Quarter-Fiscal-2026/,2026Q3 Summary — GAAP；Highlights — Data Center,GAAP Gross margin 73.4 %,,,,false,needs_review,Gross margin in NVIDIA GAAP quarterly/fiscal summary tables.,business/geography/product=consolidated,,,
英伟达,NVDA,FY2026Q3,quarter,2025-07-28,2025-10-26,net_income,净利润,31910,USD million,USD,group,,,,GAAP,reported_currency,company_disclosed,NVIDIA Announces Financial Results — FY2026Q3,https://investor.nvidia.com/news/press-release-details/2025/NVIDIA-Announces-Financial-Results-for-Third-Quarter-Fiscal-2026/,2026Q3 Summary — GAAP；Highlights — Data Center,"GAAP Net income 31,910 USD million",,,,false,needs_review,Net income in NVIDIA GAAP quarterly/fiscal summary tables.,business/geography/product=consolidated,,,
英伟达,NVDA,FY2026Q3,quarter,2025-07-28,2025-10-26,operating_income,营业利润,36010,USD million,USD,group,,,,GAAP,reported_currency,company_disclosed,NVIDIA Announces Financial Results — FY2026Q3,https://investor.nvidia.com/news/press-release-details/2025/NVIDIA-Announces-Financial-Results-for-Third-Quarter-Fiscal-2026/,2026Q3 Summary — GAAP；Highlights — Data Center,"GAAP Operating income 36,010 USD million",,,,false,needs_review,Operating income in NVIDIA GAAP quarterly/fiscal summary tables.,business/geography/product=consolidated,,,
英伟达,NVDA,FY2026Q3,quarter,2025-07-28,2025-10-26,revenue,营业收入,51200,USD million,USD,business=Data Center,Data Center,,,GAAP,reported_currency,company_disclosed,NVIDIA Announces Financial Results — FY2026Q3,https://investor.nvidia.com/news/press-release-details/2025/NVIDIA-Announces-Financial-Results-for-Third-Quarter-Fiscal-2026/,2026Q3 Summary — GAAP；Highlights — Data Center,Data Center revenue $51.2 billion,,,,false,needs_review,NVIDIA 顶层 Data Center market-platform revenue。FY2027Q1 改变了下层市场平台展示，并对 FY2026Q1/FY2026Q4 可比期重列；该变化不构成顶层 Data Center 序列的机械断点。更早期间沿用同一顶层标签，但当前 10-Q 未逐期提供完整重列证明，保留 comparability warning。,business=data_center; geography/product=consolidated,同一顶层 Data Center 标签；当前 FY2027Q1 10-Q 未逐期重列全部更早期间，保留证据范围警示但不制造定义断点。,,
英伟达,NVDA,FY2026Q3,quarter,2025-07-28,2025-10-26,revenue,营业收入,57006,USD million,USD,group,,,,GAAP,reported_currency,company_disclosed,NVIDIA Announces Financial Results — FY2026Q3,https://investor.nvidia.com/news/press-release-details/2025/NVIDIA-Announces-Financial-Results-for-Third-Quarter-Fiscal-2026/,2026Q3 Summary — GAAP；Highlights — Data Center,"GAAP Revenue 57,006 USD million",,,,false,needs_review,Revenue in NVIDIA GAAP quarterly/fiscal summary tables.,business/geography/product=consolidated,,,
英伟达,NVDA,FY2026,fy,2025-01-27,2026-01-25,gross_margin,毛利率,71.1,%,,group,,,,GAAP,reported_currency,company_disclosed,NVIDIA Announces Financial Results — FY2026Q4,https://investor.nvidia.com/news/press-release-details/2026/NVIDIA-Announces-Financial-Results-for-Fourth-Quarter-and-Fiscal-2026/,2026Q4 Summary — GAAP；Highlights — Data Center,Fiscal 2026 GAAP Gross margin 71.1 %,,,,false,needs_review,Gross margin in NVIDIA GAAP quarterly/fiscal summary tables.,business/geography/product=consolidated,,,
英伟达,NVDA,FY2026,fy,2025-01-27,2026-01-25,net_income,净利润,120067,USD million,USD,group,,,,GAAP,reported_currency,company_disclosed,NVIDIA Announces Financial Results — FY2026Q4,https://investor.nvidia.com/news/press-release-details/2026/NVIDIA-Announces-Financial-Results-for-Fourth-Quarter-and-Fiscal-2026/,2026Q4 Summary — GAAP；Highlights — Data Center,"Fiscal 2026 GAAP Net income 120,067 USD million",,,,false,needs_review,Net income in NVIDIA GAAP quarterly/fiscal summary tables.,business/geography/product=consolidated,,,
英伟达,NVDA,FY2026,fy,2025-01-27,2026-01-25,operating_income,营业利润,130387,USD million,USD,group,,,,GAAP,reported_currency,company_disclosed,NVIDIA Announces Financial Results — FY2026Q4,https://investor.nvidia.com/news/press-release-details/2026/NVIDIA-Announces-Financial-Results-for-Fourth-Quarter-and-Fiscal-2026/,2026Q4 Summary — GAAP；Highlights — Data Center,"Fiscal 2026 GAAP Operating income 130,387 USD million",,,,false,needs_review,Operating income in NVIDIA GAAP quarterly/fiscal summary tables.,business/geography/product=consolidated,,,
英伟达,NVDA,FY2026,fy,2025-01-27,2026-01-25,revenue,营业收入,215938,USD million,USD,group,,,,GAAP,reported_currency,company_disclosed,NVIDIA Announces Financial Results — FY2026Q4,https://investor.nvidia.com/news/press-release-details/2026/NVIDIA-Announces-Financial-Results-for-Fourth-Quarter-and-Fiscal-2026/,2026Q4 Summary — GAAP；Highlights — Data Center,"Fiscal 2026 GAAP Revenue 215,938 USD million",,,,false,needs_review,Revenue in NVIDIA GAAP quarterly/fiscal summary tables.,business/geography/product=consolidated,,,
英伟达,NVDA,FY2026Q4,quarter,2025-10-27,2026-01-25,gross_margin,毛利率,75,%,,group,,,,GAAP,reported_currency,company_disclosed,NVIDIA Announces Financial Results — FY2026Q4,https://investor.nvidia.com/news/press-release-details/2026/NVIDIA-Announces-Financial-Results-for-Fourth-Quarter-and-Fiscal-2026/,2026Q4 Summary — GAAP；Highlights — Data Center,GAAP Gross margin 75 %,,,,false,needs_review,Gross margin in NVIDIA GAAP quarterly/fiscal summary tables.,business/geography/product=consolidated,,,
英伟达,NVDA,FY2026Q4,quarter,2025-10-27,2026-01-25,net_income,净利润,42960,USD million,USD,group,,,,GAAP,reported_currency,company_disclosed,NVIDIA Announces Financial Results — FY2026Q4,https://investor.nvidia.com/news/press-release-details/2026/NVIDIA-Announces-Financial-Results-for-Fourth-Quarter-and-Fiscal-2026/,2026Q4 Summary — GAAP；Highlights — Data Center,"GAAP Net income 42,960 USD million",,,,false,needs_review,Net income in NVIDIA GAAP quarterly/fiscal summary tables.,business/geography/product=consolidated,,,
英伟达,NVDA,FY2026Q4,quarter,2025-10-27,2026-01-25,operating_income,营业利润,44299,USD million,USD,group,,,,GAAP,reported_currency,company_disclosed,NVIDIA Announces Financial Results — FY2026Q4,https://investor.nvidia.com/news/press-release-details/2026/NVIDIA-Announces-Financial-Results-for-Fourth-Quarter-and-Fiscal-2026/,2026Q4 Summary — GAAP；Highlights — Data Center,"GAAP Operating income 44,299 USD million",,,,false,needs_review,Operating income in NVIDIA GAAP quarterly/fiscal summary tables.,business/geography/product=consolidated,,,
英伟达,NVDA,FY2026Q4,quarter,2025-10-27,2026-01-25,revenue,营业收入,62300,USD million,USD,business=Data Center,Data Center,,,GAAP,reported_currency,company_disclosed,NVIDIA Announces Financial Results — FY2026Q4,https://investor.nvidia.com/news/press-release-details/2026/NVIDIA-Announces-Financial-Results-for-Fourth-Quarter-and-Fiscal-2026/,2026Q4 Summary — GAAP；Highlights — Data Center,Data Center revenue $62.3 billion,,,,false,needs_review,NVIDIA 顶层 Data Center market-platform revenue。FY2027Q1 改变了下层市场平台展示，并对 FY2026Q1/FY2026Q4 可比期重列；该变化不构成顶层 Data Center 序列的机械断点。更早期间沿用同一顶层标签，但当前 10-Q 未逐期提供完整重列证明，保留 comparability warning。,business=data_center; geography/product=consolidated,FY2027Q1 10-Q 明确改变下层展示并重列可比期；顶层 Data Center 序列保持可比。,,
英伟达,NVDA,FY2026Q4,quarter,2025-10-27,2026-01-25,revenue,营业收入,68127,USD million,USD,group,,,,GAAP,reported_currency,company_disclosed,NVIDIA Announces Financial Results — FY2026Q4,https://investor.nvidia.com/news/press-release-details/2026/NVIDIA-Announces-Financial-Results-for-Fourth-Quarter-and-Fiscal-2026/,2026Q4 Summary — GAAP；Highlights — Data Center,"GAAP Revenue 68,127 USD million",,,,false,needs_review,Revenue in NVIDIA GAAP quarterly/fiscal summary tables.,business/geography/product=consolidated,,,
英伟达,NVDA,FY2027Q1,quarter,2026-01-26,2026-04-26,gross_margin,毛利率,74.9,%,,group,,,,GAAP,reported_currency,company_disclosed,NVIDIA Announces Financial Results — FY2027Q1,https://investor.nvidia.com/news/press-release-details/2026/NVIDIA-Announces-Financial-Results-for-First-Quarter-Fiscal-2027/default.aspx,2027Q1 Summary — GAAP；Highlights — Data Center,GAAP Gross margin 74.9 %,,,,false,needs_review,Gross margin in NVIDIA GAAP quarterly/fiscal summary tables.,business/geography/product=consolidated,,,
英伟达,NVDA,FY2027Q1,quarter,2026-01-26,2026-04-26,net_income,净利润,58321,USD million,USD,group,,,,GAAP,reported_currency,company_disclosed,NVIDIA Announces Financial Results — FY2027Q1,https://investor.nvidia.com/news/press-release-details/2026/NVIDIA-Announces-Financial-Results-for-First-Quarter-Fiscal-2027/default.aspx,2027Q1 Summary — GAAP；Highlights — Data Center,"GAAP Net income 58,321 USD million",,,,false,needs_review,Net income in NVIDIA GAAP quarterly/fiscal summary tables.,business/geography/product=consolidated,,,
英伟达,NVDA,FY2027Q1,quarter,2026-01-26,2026-04-26,operating_income,营业利润,53536,USD million,USD,group,,,,GAAP,reported_currency,company_disclosed,NVIDIA Announces Financial Results — FY2027Q1,https://investor.nvidia.com/news/press-release-details/2026/NVIDIA-Announces-Financial-Results-for-First-Quarter-Fiscal-2027/default.aspx,2027Q1 Summary — GAAP；Highlights — Data Center,"GAAP Operating income 53,536 USD million",,,,false,needs_review,Operating income in NVIDIA GAAP quarterly/fiscal summary tables.,business/geography/product=consolidated,,,
英伟达,NVDA,FY2027Q1,quarter,2026-01-26,2026-04-26,revenue,营业收入,75200,USD million,USD,business=Data Center,Data Center,,,GAAP,reported_currency,company_disclosed,NVIDIA Announces Financial Results — FY2027Q1,https://investor.nvidia.com/news/press-release-details/2026/NVIDIA-Announces-Financial-Results-for-First-Quarter-Fiscal-2027/default.aspx,2027Q1 Summary — GAAP；Highlights — Data Center,Data Center revenue $75.2 billion,,,,false,needs_review,NVIDIA 顶层 Data Center market-platform revenue。FY2027Q1 改变了下层市场平台展示，并对 FY2026Q1/FY2026Q4 可比期重列；该变化不构成顶层 Data Center 序列的机械断点。更早期间沿用同一顶层标签，但当前 10-Q 未逐期提供完整重列证明，保留 comparability warning。,business=data_center; geography/product=consolidated,FY2027Q1 10-Q 明确改变下层展示并重列可比期；顶层 Data Center 序列保持可比。,,
英伟达,NVDA,FY2027Q1,quarter,2026-01-26,2026-04-26,revenue,营业收入,81615,USD million,USD,group,,,,GAAP,reported_currency,company_disclosed,NVIDIA Announces Financial Results — FY2027Q1,https://investor.nvidia.com/news/press-release-details/2026/NVIDIA-Announces-Financial-Results-for-First-Quarter-Fiscal-2027/default.aspx,2027Q1 Summary — GAAP；Highlights — Data Center,"GAAP Revenue 81,615 USD million",,,,false,needs_review,Revenue in NVIDIA GAAP quarterly/fiscal summary tables.,business/geography/product=consolidated,,,
高通,QCOM,FY2024Q1,quarter,2023-09-25,2023-12-24,revenue,营业收入,598,USD million,USD,business=Automotive,Automotive,,,GAAP,reported_currency,company_disclosed,Qualcomm Announces First Quarter Fiscal 2024 Results,https://www.sec.gov/Archives/edgar/data/804328/000080432824000015/qcom122423erex991.htm,"Earnings Release HTML, page 2, QCT Revenue Streams, Q1 Fiscal 2024 column, Automotive row",$ in millions; Q1 Fiscal 2024; Automotive $598,,,,false,needs_review,"Automotive revenue within the QCT revenue streams, disaggregated by the industries and applications in which QCT products are sold. The FY2025 Form 10-K describes it as revenues from products sold for use in automobiles, including connectivity, digital cockpit and ADAS/AD.",component of QCT reportable-segment revenue; not a direct component identity of consolidated group revenue without the QCT/QTL/nonreportable/unallocated reconciliation chain,只取 Q1 Fiscal 2024 standalone quarter 列；该季度为截至 2023-12-24 的 13 周。 Automotive 为正式维度字典中的 QCT 收入流。,,
高通,QCOM,FY2024Q1,quarter,2023-09-25,2023-12-24,revenue,营业收入,8423,USD million,USD,business=QCT,QCT,,,GAAP,reported_currency,company_disclosed,Qualcomm Announces First Quarter Fiscal 2024 Results,https://www.sec.gov/Archives/edgar/data/804328/000080432824000015/qcom122423erex991.htm,"Earnings Release HTML, page 2, QCT Revenue Streams, Q1 Fiscal 2024 column, Total QCT revenues row","$ in millions; Q1 Fiscal 2024; Total QCT revenues $8,423",,,,false,needs_review,Total QCT revenues reported in Segment Results and equal to the sum of the disclosed QCT revenue streams. It is a reportable-segment measure and is not the consolidated group total.,"QCT reportable segment; consolidated revenue additionally contains QTL, QSI/nonreportable segments and period-specific unallocated or elimination reconciling items",只取 Q1 Fiscal 2024 standalone quarter 列；该季度为截至 2023-12-24 的 13 周。 QCT 为正式维度字典中的可报告分部。,,
高通,QCOM,FY2024Q1,quarter,2023-09-25,2023-12-24,revenue,营业收入,9935,USD million,USD,group,,,,GAAP,reported_currency,company_disclosed,Qualcomm Announces First Quarter Fiscal 2024 Results,https://www.sec.gov/Archives/edgar/data/804328/000080432824000015/qcom122423erex991.htm,"Earnings Release HTML, page 1, First Quarter Results, Q1 Fiscal 2024 GAAP column, Revenues row","$ in millions; Q1 Fiscal 2024; GAAP Revenues $9,935",,,,false,needs_review,Qualcomm Incorporated consolidated Revenues shown in the GAAP column of each Earnings Release. Scope is business/geography/product=consolidated.,consolidated group total; not interchangeable with a reportable segment or a QCT revenue stream,只取 Q1 Fiscal 2024 standalone quarter 列；该季度为截至 2023-12-24 的 13 周。,,
高通,QCOM,FY2024Q1,quarter,2023-09-25,2023-12-24,revenue_share_of_group,业务收入占集团收入比,6.01912431,%,,business=Automotive,Automotive,,,GAAP,program_calculated_ratio,program_calculated,Qualcomm Announces First Quarter Fiscal 2024 Results,https://www.sec.gov/Archives/edgar/data/804328/000080432824000015/qcom122423erex991.htm,程序计算；输入来自 Earnings Release HTML page 1 与 page 2 的 Q1 Fiscal 2024 standalone quarter 列,"程序计算：598 / 9,935 × 100% = 6.01912431%",Automotive Revenue / Group Revenue × 100%,"{""numerator"":598,""denominator"":9935,""unit"":""USD million""}",两项输入均为 FY2024Q1、quarter、2023-09-25 至 2023-12-24、GAAP、USD、million_currency，且 geography/product 均为 consolidated；未使用 6M/9M/FY 累计值。,false,needs_review,Program calculation: source-verified QCT Automotive revenue stream divided by source-verified Qualcomm consolidated GAAP Revenues for the same fiscal period.,numerator business=automotive; denominator business=consolidated; only the approved role combination in FormulaInputContract is valid,程序计算，不是公司直接披露；不进行币种换算。,,
高通,QCOM,FY2024Q2,quarter,2023-12-25,2024-03-24,revenue,营业收入,603,USD million,USD,business=Automotive,Automotive,,,GAAP,reported_currency,company_disclosed,Qualcomm Announces Second Quarter Fiscal 2024 Results,https://www.sec.gov/Archives/edgar/data/804328/000080432824000038/qcom032424erex991.htm,"Earnings Release HTML, page 2, QCT Revenue Streams, Q2 Fiscal 2024 column, Automotive row",$ in millions; Q2 Fiscal 2024; Automotive $603,,,,false,needs_review,"Automotive revenue within the QCT revenue streams, disaggregated by the industries and applications in which QCT products are sold. The FY2025 Form 10-K describes it as revenues from products sold for use in automobiles, including connectivity, digital cockpit and ADAS/AD.",component of QCT reportable-segment revenue; not a direct component identity of consolidated group revenue without the QCT/QTL/nonreportable/unallocated reconciliation chain,只取 Q2 Fiscal 2024 standalone quarter 列；未使用 Six Months Ended 累计列。 Automotive 为正式维度字典中的 QCT 收入流。,,
高通,QCOM,FY2024Q2,quarter,2023-12-25,2024-03-24,revenue,营业收入,8026,USD million,USD,business=QCT,QCT,,,GAAP,reported_currency,company_disclosed,Qualcomm Announces Second Quarter Fiscal 2024 Results,https://www.sec.gov/Archives/edgar/data/804328/000080432824000038/qcom032424erex991.htm,"Earnings Release HTML, page 2, QCT Revenue Streams, Q2 Fiscal 2024 column, Total QCT revenues row","$ in millions; Q2 Fiscal 2024; Total QCT revenues $8,026",,,,false,needs_review,Total QCT revenues reported in Segment Results and equal to the sum of the disclosed QCT revenue streams. It is a reportable-segment measure and is not the consolidated group total.,"QCT reportable segment; consolidated revenue additionally contains QTL, QSI/nonreportable segments and period-specific unallocated or elimination reconciling items",只取 Q2 Fiscal 2024 standalone quarter 列；未使用 Six Months Ended 累计列。 QCT 为正式维度字典中的可报告分部。,,
高通,QCOM,FY2024Q2,quarter,2023-12-25,2024-03-24,revenue,营业收入,9389,USD million,USD,group,,,,GAAP,reported_currency,company_disclosed,Qualcomm Announces Second Quarter Fiscal 2024 Results,https://www.sec.gov/Archives/edgar/data/804328/000080432824000038/qcom032424erex991.htm,"Earnings Release HTML, page 1, Second Quarter Results, Q2 Fiscal 2024 GAAP column, Revenues row","$ in millions; Q2 Fiscal 2024; GAAP Revenues $9,389",,,,false,needs_review,Qualcomm Incorporated consolidated Revenues shown in the GAAP column of each Earnings Release. Scope is business/geography/product=consolidated.,consolidated group total; not interchangeable with a reportable segment or a QCT revenue stream,只取 Q2 Fiscal 2024 standalone quarter 列；未使用 Six Months Ended 累计列。,,
高通,QCOM,FY2024Q2,quarter,2023-12-25,2024-03-24,revenue_share_of_group,业务收入占集团收入比,6.4224092,%,,business=Automotive,Automotive,,,GAAP,program_calculated_ratio,program_calculated,Qualcomm Announces Second Quarter Fiscal 2024 Results,https://www.sec.gov/Archives/edgar/data/804328/000080432824000038/qcom032424erex991.htm,程序计算；输入来自 Earnings Release HTML page 1 与 page 2 的 Q2 Fiscal 2024 standalone quarter 列,"程序计算：603 / 9,389 × 100% = 6.4224092%",Automotive Revenue / Group Revenue × 100%,"{""numerator"":603,""denominator"":9389,""unit"":""USD million""}",两项输入均为 FY2024Q2、quarter、2023-12-25 至 2024-03-24、GAAP、USD、million_currency，且 geography/product 均为 consolidated；未使用 6M/9M/FY 累计值。,false,needs_review,Program calculation: source-verified QCT Automotive revenue stream divided by source-verified Qualcomm consolidated GAAP Revenues for the same fiscal period.,numerator business=automotive; denominator business=consolidated; only the approved role combination in FormulaInputContract is valid,程序计算，不是公司直接披露；不进行币种换算。,,
高通,QCOM,FY2024Q3,quarter,2024-03-25,2024-06-23,revenue,营业收入,811,USD million,USD,business=Automotive,Automotive,,,GAAP,reported_currency,company_disclosed,Qualcomm Announces Third Quarter Fiscal 2024 Results,https://www.sec.gov/Archives/edgar/data/804328/000080432824000055/qcom062324erex991.htm,"Earnings Release HTML, page 2, QCT Revenue Streams, Q3 Fiscal 2024 column, Automotive row",$ in millions; Q3 Fiscal 2024; Automotive $811,,,,false,needs_review,"Automotive revenue within the QCT revenue streams, disaggregated by the industries and applications in which QCT products are sold. The FY2025 Form 10-K describes it as revenues from products sold for use in automobiles, including connectivity, digital cockpit and ADAS/AD.",component of QCT reportable-segment revenue; not a direct component identity of consolidated group revenue without the QCT/QTL/nonreportable/unallocated reconciliation chain,只取 Q3 Fiscal 2024 standalone quarter 列；未使用 Nine Months Ended 累计列。 Automotive 为正式维度字典中的 QCT 收入流。,,
高通,QCOM,FY2024Q3,quarter,2024-03-25,2024-06-23,revenue,营业收入,8069,USD million,USD,business=QCT,QCT,,,GAAP,reported_currency,company_disclosed,Qualcomm Announces Third Quarter Fiscal 2024 Results,https://www.sec.gov/Archives/edgar/data/804328/000080432824000055/qcom062324erex991.htm,"Earnings Release HTML, page 2, QCT Revenue Streams, Q3 Fiscal 2024 column, Total QCT revenues row","$ in millions; Q3 Fiscal 2024; Total QCT revenues $8,069",,,,false,needs_review,Total QCT revenues reported in Segment Results and equal to the sum of the disclosed QCT revenue streams. It is a reportable-segment measure and is not the consolidated group total.,"QCT reportable segment; consolidated revenue additionally contains QTL, QSI/nonreportable segments and period-specific unallocated or elimination reconciling items",只取 Q3 Fiscal 2024 standalone quarter 列；未使用 Nine Months Ended 累计列。 QCT 为正式维度字典中的可报告分部。,,
高通,QCOM,FY2024Q3,quarter,2024-03-25,2024-06-23,revenue,营业收入,9393,USD million,USD,group,,,,GAAP,reported_currency,company_disclosed,Qualcomm Announces Third Quarter Fiscal 2024 Results,https://www.sec.gov/Archives/edgar/data/804328/000080432824000055/qcom062324erex991.htm,"Earnings Release HTML, page 1, Third Quarter Results, Q3 Fiscal 2024 GAAP column, Revenues row","$ in millions; Q3 Fiscal 2024; GAAP Revenues $9,393",,,,false,needs_review,Qualcomm Incorporated consolidated Revenues shown in the GAAP column of each Earnings Release. Scope is business/geography/product=consolidated.,consolidated group total; not interchangeable with a reportable segment or a QCT revenue stream,只取 Q3 Fiscal 2024 standalone quarter 列；未使用 Nine Months Ended 累计列。,,
高通,QCOM,FY2024Q3,quarter,2024-03-25,2024-06-23,revenue_share_of_group,业务收入占集团收入比,8.63408922,%,,business=Automotive,Automotive,,,GAAP,program_calculated_ratio,program_calculated,Qualcomm Announces Third Quarter Fiscal 2024 Results,https://www.sec.gov/Archives/edgar/data/804328/000080432824000055/qcom062324erex991.htm,程序计算；输入来自 Earnings Release HTML page 1 与 page 2 的 Q3 Fiscal 2024 standalone quarter 列,"程序计算：811 / 9,393 × 100% = 8.63408922%",Automotive Revenue / Group Revenue × 100%,"{""numerator"":811,""denominator"":9393,""unit"":""USD million""}",两项输入均为 FY2024Q3、quarter、2024-03-25 至 2024-06-23、GAAP、USD、million_currency，且 geography/product 均为 consolidated；未使用 6M/9M/FY 累计值。,false,needs_review,Program calculation: source-verified QCT Automotive revenue stream divided by source-verified Qualcomm consolidated GAAP Revenues for the same fiscal period.,numerator business=automotive; denominator business=consolidated; only the approved role combination in FormulaInputContract is valid,程序计算，不是公司直接披露；不进行币种换算。,,
高通,QCOM,FY2024Q4,quarter,2024-06-24,2024-09-29,revenue,营业收入,899,USD million,USD,business=Automotive,Automotive,,,GAAP,reported_currency,company_disclosed,Qualcomm Announces Fourth Quarter and Fiscal 2024 Results,https://www.sec.gov/Archives/edgar/data/804328/000080432824000074/qcom092924erex991.htm,"Earnings Release HTML, page 2, QCT Revenue Streams, Fourth Quarter 2024 column, Automotive row",$ in millions; Fourth Quarter 2024; Automotive $899,,,,false,needs_review,"Automotive revenue within the QCT revenue streams, disaggregated by the industries and applications in which QCT products are sold. The FY2025 Form 10-K describes it as revenues from products sold for use in automobiles, including connectivity, digital cockpit and ADAS/AD.",component of QCT reportable-segment revenue; not a direct component identity of consolidated group revenue without the QCT/QTL/nonreportable/unallocated reconciliation chain,只取 Fourth Quarter 2024 standalone quarter 列；未使用 Fiscal 2024 全年列。FY2024 为 53 周财年，FY2024Q4 为 14 周（2024-06-24 至 2024-09-29），与普通 13 周季度比较时需提示可比性。 Automotive 为正式维度字典中的 QCT 收入流。,,
高通,QCOM,FY2024Q4,quarter,2024-06-24,2024-09-29,revenue,营业收入,8678,USD million,USD,business=QCT,QCT,,,GAAP,reported_currency,company_disclosed,Qualcomm Announces Fourth Quarter and Fiscal 2024 Results,https://www.sec.gov/Archives/edgar/data/804328/000080432824000074/qcom092924erex991.htm,"Earnings Release HTML, page 2, QCT Revenue Streams, Fourth Quarter 2024 column, Total QCT revenues row","$ in millions; Fourth Quarter 2024; Total QCT revenues $8,678",,,,false,needs_review,Total QCT revenues reported in Segment Results and equal to the sum of the disclosed QCT revenue streams. It is a reportable-segment measure and is not the consolidated group total.,"QCT reportable segment; consolidated revenue additionally contains QTL, QSI/nonreportable segments and period-specific unallocated or elimination reconciling items",只取 Fourth Quarter 2024 standalone quarter 列；未使用 Fiscal 2024 全年列。FY2024 为 53 周财年，FY2024Q4 为 14 周（2024-06-24 至 2024-09-29），与普通 13 周季度比较时需提示可比性。 QCT 为正式维度字典中的可报告分部。,,
高通,QCOM,FY2024Q4,quarter,2024-06-24,2024-09-29,revenue,营业收入,10244,USD million,USD,group,,,,GAAP,reported_currency,company_disclosed,Qualcomm Announces Fourth Quarter and Fiscal 2024 Results,https://www.sec.gov/Archives/edgar/data/804328/000080432824000074/qcom092924erex991.htm,"Earnings Release HTML, page 1, Fourth Quarter Results, Fourth Quarter 2024 GAAP column, Revenues row","$ in millions; Fourth Quarter 2024; GAAP Revenues $10,244",,,,false,needs_review,Qualcomm Incorporated consolidated Revenues shown in the GAAP column of each Earnings Release. Scope is business/geography/product=consolidated.,consolidated group total; not interchangeable with a reportable segment or a QCT revenue stream,只取 Fourth Quarter 2024 standalone quarter 列；未使用 Fiscal 2024 全年列。FY2024 为 53 周财年，FY2024Q4 为 14 周（2024-06-24 至 2024-09-29），与普通 13 周季度比较时需提示可比性。,,
高通,QCOM,FY2024Q4,quarter,2024-06-24,2024-09-29,revenue_share_of_group,业务收入占集团收入比,8.7758688,%,,business=Automotive,Automotive,,,GAAP,program_calculated_ratio,program_calculated,Qualcomm Announces Fourth Quarter and Fiscal 2024 Results,https://www.sec.gov/Archives/edgar/data/804328/000080432824000074/qcom092924erex991.htm,程序计算；输入来自 Earnings Release HTML page 1 与 page 2 的 Fourth Quarter 2024 standalone quarter 列,"程序计算：899 / 10,244 × 100% = 8.7758688%",Automotive Revenue / Group Revenue × 100%,"{""numerator"":899,""denominator"":10244,""unit"":""USD million""}",两项输入均为 FY2024Q4、quarter、2024-06-24 至 2024-09-29、GAAP、USD、million_currency，且 geography/product 均为 consolidated；未使用 6M/9M/FY 累计值。,false,needs_review,Program calculation: source-verified QCT Automotive revenue stream divided by source-verified Qualcomm consolidated GAAP Revenues for the same fiscal period.,numerator business=automotive; denominator business=consolidated; only the approved role combination in FormulaInputContract is valid,程序计算，不是公司直接披露；不进行币种换算。 FY2024Q4 为 14 周，本比率的两个输入均属同一 14 周季度。,,
高通,QCOM,FY2025Q1,quarter,2024-09-30,2024-12-29,revenue,营业收入,961,USD million,USD,business=Automotive,Automotive,,,GAAP,reported_currency,company_disclosed,Qualcomm Announces First Quarter Fiscal 2025 Results,https://www.sec.gov/Archives/edgar/data/804328/000080432825000010/qcom122924erex991.htm,"Earnings Release HTML, page 2, QCT Revenue Streams, Q1 Fiscal 2025 column, Automotive row",$ in millions; Q1 Fiscal 2025; Automotive $961,,,,false,needs_review,"Automotive revenue within the QCT revenue streams, disaggregated by the industries and applications in which QCT products are sold. The FY2025 Form 10-K describes it as revenues from products sold for use in automobiles, including connectivity, digital cockpit and ADAS/AD.",component of QCT reportable-segment revenue; not a direct component identity of consolidated group revenue without the QCT/QTL/nonreportable/unallocated reconciliation chain,只取 Q1 Fiscal 2025 standalone quarter 列；该季度为截至 2024-12-29 的 13 周。 Automotive 为正式维度字典中的 QCT 收入流。,,
高通,QCOM,FY2025Q1,quarter,2024-09-30,2024-12-29,revenue,营业收入,10084,USD million,USD,business=QCT,QCT,,,GAAP,reported_currency,company_disclosed,Qualcomm Announces First Quarter Fiscal 2025 Results,https://www.sec.gov/Archives/edgar/data/804328/000080432825000010/qcom122924erex991.htm,"Earnings Release HTML, page 2, QCT Revenue Streams, Q1 Fiscal 2025 column, Total QCT revenues row","$ in millions; Q1 Fiscal 2025; Total QCT revenues $10,084",,,,false,needs_review,Total QCT revenues reported in Segment Results and equal to the sum of the disclosed QCT revenue streams. It is a reportable-segment measure and is not the consolidated group total.,"QCT reportable segment; consolidated revenue additionally contains QTL, QSI/nonreportable segments and period-specific unallocated or elimination reconciling items",只取 Q1 Fiscal 2025 standalone quarter 列；该季度为截至 2024-12-29 的 13 周。 QCT 为正式维度字典中的可报告分部。,,
高通,QCOM,FY2025Q1,quarter,2024-09-30,2024-12-29,revenue,营业收入,11669,USD million,USD,group,,,,GAAP,reported_currency,company_disclosed,Qualcomm Announces First Quarter Fiscal 2025 Results,https://www.sec.gov/Archives/edgar/data/804328/000080432825000010/qcom122924erex991.htm,"Earnings Release HTML, page 1, First Quarter Results, Q1 Fiscal 2025 GAAP column, Revenues row","$ in millions; Q1 Fiscal 2025; GAAP Revenues $11,669",,,,false,needs_review,Qualcomm Incorporated consolidated Revenues shown in the GAAP column of each Earnings Release. Scope is business/geography/product=consolidated.,consolidated group total; not interchangeable with a reportable segment or a QCT revenue stream,只取 Q1 Fiscal 2025 standalone quarter 列；该季度为截至 2024-12-29 的 13 周。,,
高通,QCOM,FY2025Q1,quarter,2024-09-30,2024-12-29,revenue_share_of_group,业务收入占集团收入比,8.23549576,%,,business=Automotive,Automotive,,,GAAP,program_calculated_ratio,program_calculated,Qualcomm Announces First Quarter Fiscal 2025 Results,https://www.sec.gov/Archives/edgar/data/804328/000080432825000010/qcom122924erex991.htm,程序计算；输入来自 Earnings Release HTML page 1 与 page 2 的 Q1 Fiscal 2025 standalone quarter 列,"程序计算：961 / 11,669 × 100% = 8.23549576%",Automotive Revenue / Group Revenue × 100%,"{""numerator"":961,""denominator"":11669,""unit"":""USD million""}",两项输入均为 FY2025Q1、quarter、2024-09-30 至 2024-12-29、GAAP、USD、million_currency，且 geography/product 均为 consolidated；未使用 6M/9M/FY 累计值。,false,needs_review,Program calculation: source-verified QCT Automotive revenue stream divided by source-verified Qualcomm consolidated GAAP Revenues for the same fiscal period.,numerator business=automotive; denominator business=consolidated; only the approved role combination in FormulaInputContract is valid,程序计算，不是公司直接披露；不进行币种换算。,,
高通,QCOM,FY2025Q2,quarter,2024-12-30,2025-03-30,revenue,营业收入,959,USD million,USD,business=Automotive,Automotive,,,GAAP,reported_currency,company_disclosed,Qualcomm Announces Second Quarter Fiscal 2025 Results,https://www.sec.gov/Archives/edgar/data/804328/000080432825000029/qcom033025erex991.htm,"Earnings Release HTML, page 2, QCT Revenue Streams, Q2 Fiscal 2025 column, Automotive row",$ in millions; Q2 Fiscal 2025; Automotive $959,,,,false,needs_review,"Automotive revenue within the QCT revenue streams, disaggregated by the industries and applications in which QCT products are sold. The FY2025 Form 10-K describes it as revenues from products sold for use in automobiles, including connectivity, digital cockpit and ADAS/AD.",component of QCT reportable-segment revenue; not a direct component identity of consolidated group revenue without the QCT/QTL/nonreportable/unallocated reconciliation chain,只取 Q2 Fiscal 2025 standalone quarter 列；未使用 Six Months Ended 累计列。 Automotive 为正式维度字典中的 QCT 收入流。,,
高通,QCOM,FY2025Q2,quarter,2024-12-30,2025-03-30,revenue,营业收入,9469,USD million,USD,business=QCT,QCT,,,GAAP,reported_currency,company_disclosed,Qualcomm Announces Second Quarter Fiscal 2025 Results,https://www.sec.gov/Archives/edgar/data/804328/000080432825000029/qcom033025erex991.htm,"Earnings Release HTML, page 2, QCT Revenue Streams, Q2 Fiscal 2025 column, Total QCT revenues row","$ in millions; Q2 Fiscal 2025; Total QCT revenues $9,469",,,,false,needs_review,Total QCT revenues reported in Segment Results and equal to the sum of the disclosed QCT revenue streams. It is a reportable-segment measure and is not the consolidated group total.,"QCT reportable segment; consolidated revenue additionally contains QTL, QSI/nonreportable segments and period-specific unallocated or elimination reconciling items",只取 Q2 Fiscal 2025 standalone quarter 列；未使用 Six Months Ended 累计列。 QCT 为正式维度字典中的可报告分部。,,
高通,QCOM,FY2025Q2,quarter,2024-12-30,2025-03-30,revenue,营业收入,10979,USD million,USD,group,,,,GAAP,reported_currency,company_disclosed,Qualcomm Announces Second Quarter Fiscal 2025 Results,https://www.sec.gov/Archives/edgar/data/804328/000080432825000029/qcom033025erex991.htm,"Earnings Release HTML, page 1, Second Quarter Results, Q2 Fiscal 2025 GAAP column, Revenues row","$ in millions; Q2 Fiscal 2025; GAAP Revenues $10,979",,,,false,needs_review,Qualcomm Incorporated consolidated Revenues shown in the GAAP column of each Earnings Release. Scope is business/geography/product=consolidated.,consolidated group total; not interchangeable with a reportable segment or a QCT revenue stream,只取 Q2 Fiscal 2025 standalone quarter 列；未使用 Six Months Ended 累计列。,,
高通,QCOM,FY2025Q2,quarter,2024-12-30,2025-03-30,revenue_share_of_group,业务收入占集团收入比,8.73485746,%,,business=Automotive,Automotive,,,GAAP,program_calculated_ratio,program_calculated,Qualcomm Announces Second Quarter Fiscal 2025 Results,https://www.sec.gov/Archives/edgar/data/804328/000080432825000029/qcom033025erex991.htm,程序计算；输入来自 Earnings Release HTML page 1 与 page 2 的 Q2 Fiscal 2025 standalone quarter 列,"程序计算：959 / 10,979 × 100% = 8.73485746%",Automotive Revenue / Group Revenue × 100%,"{""numerator"":959,""denominator"":10979,""unit"":""USD million""}",两项输入均为 FY2025Q2、quarter、2024-12-30 至 2025-03-30、GAAP、USD、million_currency，且 geography/product 均为 consolidated；未使用 6M/9M/FY 累计值。,false,needs_review,Program calculation: source-verified QCT Automotive revenue stream divided by source-verified Qualcomm consolidated GAAP Revenues for the same fiscal period.,numerator business=automotive; denominator business=consolidated; only the approved role combination in FormulaInputContract is valid,程序计算，不是公司直接披露；不进行币种换算。,,
高通,QCOM,FY2025Q3,quarter,2025-03-31,2025-06-29,net_income,净利润,2666,USD million,USD,group,,,,GAAP,reported_currency,company_disclosed,Qualcomm Announces Third Quarter Fiscal 2026 Results,https://s204.q4cdn.com/645488518/files/doc_financials/2026/q3/FY2026-3rd-Quarter-Earnings-Release.pdf,"FY2026Q3 Earnings Release PDF p.4, Condensed Consolidated Statements of Operations, Three Months Ended June 29 2025, Net income row","Net income $2,666 million for the three months ended June 29, 2025",,,,false,needs_review,Qualcomm Incorporated consolidated Net income in the unaudited Condensed Consolidated Statements of Operations; not an adjusted or per-share measure.,business/geography/product=consolidated,当前正式财报提供的 FY2025Q3 可比列；reported_in_period 保留为 FY2026Q3。,,
高通,QCOM,FY2025Q3,quarter,2025-03-31,2025-06-29,operating_income,营业利润,2762,USD million,USD,group,,,,GAAP,reported_currency,company_disclosed,Qualcomm Announces Third Quarter Fiscal 2026 Results,https://s204.q4cdn.com/645488518/files/doc_financials/2026/q3/FY2026-3rd-Quarter-Earnings-Release.pdf,"FY2026Q3 Earnings Release PDF p.4, Condensed Consolidated Statements of Operations, Three Months Ended June 29 2025, Operating income row","Operating income $2,762 million for the three months ended June 29, 2025",,,,false,needs_review,"Qualcomm Incorporated consolidated Operating income in the unaudited Condensed Consolidated Statements of Operations; losses, if any, are stored as negative values.",business/geography/product=consolidated,当前正式财报提供的 FY2025Q3 可比列；reported_in_period 保留为 FY2026Q3。,,
高通,QCOM,FY2025Q3,quarter,2025-03-31,2025-06-29,revenue,营业收入,984,USD million,USD,business=Automotive,Automotive,,,GAAP,reported_currency,company_disclosed,Qualcomm Announces Third Quarter Fiscal 2025 Results,https://www.sec.gov/Archives/edgar/data/804328/000080432825000044/qcom062925erex991.htm,"Earnings Release HTML, page 2, QCT Revenue Streams, Q3 Fiscal 2025 column, Automotive row",$ in millions; Q3 Fiscal 2025; Automotive $984,,,,false,needs_review,"Automotive revenue within the QCT revenue streams, disaggregated by the industries and applications in which QCT products are sold. The FY2025 Form 10-K describes it as revenues from products sold for use in automobiles, including connectivity, digital cockpit and ADAS/AD.",component of QCT reportable-segment revenue; not a direct component identity of consolidated group revenue without the QCT/QTL/nonreportable/unallocated reconciliation chain,只取 Q3 Fiscal 2025 standalone quarter 列；未使用 Nine Months Ended 累计列。 Automotive 为正式维度字典中的 QCT 收入流。,,
高通,QCOM,FY2025Q3,quarter,2025-03-31,2025-06-29,revenue,营业收入,8993,USD million,USD,business=QCT,QCT,,,GAAP,reported_currency,company_disclosed,Qualcomm Announces Third Quarter Fiscal 2025 Results,https://www.sec.gov/Archives/edgar/data/804328/000080432825000044/qcom062925erex991.htm,"Earnings Release HTML, page 2, QCT Revenue Streams, Q3 Fiscal 2025 column, Total QCT revenues row","$ in millions; Q3 Fiscal 2025; Total QCT revenues $8,993",,,,false,needs_review,Total QCT revenues reported in Segment Results and equal to the sum of the disclosed QCT revenue streams. It is a reportable-segment measure and is not the consolidated group total.,"QCT reportable segment; consolidated revenue additionally contains QTL, QSI/nonreportable segments and period-specific unallocated or elimination reconciling items",只取 Q3 Fiscal 2025 standalone quarter 列；未使用 Nine Months Ended 累计列。 QCT 为正式维度字典中的可报告分部。,,
高通,QCOM,FY2025Q3,quarter,2025-03-31,2025-06-29,revenue,营业收入,10365,USD million,USD,group,,,,GAAP,reported_currency,company_disclosed,Qualcomm Announces Third Quarter Fiscal 2025 Results,https://www.sec.gov/Archives/edgar/data/804328/000080432825000044/qcom062925erex991.htm,"Earnings Release HTML, page 1, Third Quarter Results, Q3 Fiscal 2025 GAAP column, Revenues row","$ in millions; Q3 Fiscal 2025; GAAP Revenues $10,365",,,,false,needs_review,Qualcomm Incorporated consolidated Revenues shown in the GAAP column of each Earnings Release. Scope is business/geography/product=consolidated.,consolidated group total; not interchangeable with a reportable segment or a QCT revenue stream,只取 Q3 Fiscal 2025 standalone quarter 列；未使用 Nine Months Ended 累计列。,,
高通,QCOM,FY2025Q3,quarter,2025-03-31,2025-06-29,revenue_share_of_group,业务收入占集团收入比,9.4934877,%,,business=Automotive,Automotive,,,GAAP,program_calculated_ratio,program_calculated,Qualcomm Announces Third Quarter Fiscal 2025 Results,https://www.sec.gov/Archives/edgar/data/804328/000080432825000044/qcom062925erex991.htm,程序计算；输入来自 Earnings Release HTML page 1 与 page 2 的 Q3 Fiscal 2025 standalone quarter 列,"程序计算：984 / 10,365 × 100% = 9.4934877%",Automotive Revenue / Group Revenue × 100%,"{""numerator"":984,""denominator"":10365,""unit"":""USD million""}",两项输入均为 FY2025Q3、quarter、2025-03-31 至 2025-06-29、GAAP、USD、million_currency，且 geography/product 均为 consolidated；未使用 6M/9M/FY 累计值。,false,needs_review,Program calculation: source-verified QCT Automotive revenue stream divided by source-verified Qualcomm consolidated GAAP Revenues for the same fiscal period.,numerator business=automotive; denominator business=consolidated; only the approved role combination in FormulaInputContract is valid,程序计算，不是公司直接披露；不进行币种换算。,,
高通,QCOM,FY2025Q3,quarter,2025-03-31,2025-06-29,rnd_expense,研发费用,2226,USD million,USD,group,,,,GAAP,reported_currency,company_disclosed,Qualcomm Announces Third Quarter Fiscal 2026 Results,https://s204.q4cdn.com/645488518/files/doc_financials/2026/q3/FY2026-3rd-Quarter-Earnings-Release.pdf,"FY2026Q3 Earnings Release PDF p.4, Condensed Consolidated Statements of Operations, Three Months Ended June 29 2025, Research and development row","Research and development expense $2,226 million for the three months ended June 29, 2025",,,,false,needs_review,"Qualcomm Incorporated consolidated Research and development expense in the unaudited Condensed Consolidated Statements of Operations, stored as positive expense magnitude.",business/geography/product=consolidated,当前正式财报提供的 FY2025Q3 可比列；正费用额；reported_in_period 保留为 FY2026Q3。,,
高通,QCOM,FY2025Q3,quarter,2025-03-31,2025-06-29,sga_expense,销售及管理费用,771,USD million,USD,group,,,,GAAP,reported_currency,company_disclosed,Qualcomm Announces Third Quarter Fiscal 2026 Results,https://s204.q4cdn.com/645488518/files/doc_financials/2026/q3/FY2026-3rd-Quarter-Earnings-Release.pdf,"FY2026Q3 Earnings Release PDF p.4, Condensed Consolidated Statements of Operations, Three Months Ended June 29 2025, Selling general and administrative row","Selling, general and administrative expense $771 million for the three months ended June 29, 2025",,,,false,needs_review,"Qualcomm Incorporated consolidated Selling, general and administrative expense in the unaudited Condensed Consolidated Statements of Operations, stored as positive expense magnitude.",business/geography/product=consolidated,当前正式财报提供的 FY2025Q3 可比列；正费用额；reported_in_period 保留为 FY2026Q3。,,
高通,QCOM,FY2025Q4,quarter,2025-06-30,2025-09-28,revenue,营业收入,1053,USD million,USD,business=Automotive,Automotive,,,GAAP,reported_currency,company_disclosed,Qualcomm Announces Fourth Quarter and Fiscal 2025 Results,https://s204.q4cdn.com/645488518/files/doc_financials/2025/q4/FY2025-4th-Quarter-Earnings-Release.pdf,"Earnings Release PDF p.2, QCT Revenue Streams, Fourth Quarter 2025 column, Automotive row","$ in millions; Fourth Quarter 2025; Automotive $1,053",,,,false,needs_review,"Automotive revenue within the QCT revenue streams, disaggregated by the industries and applications in which QCT products are sold. The FY2025 Form 10-K describes it as revenues from products sold for use in automobiles, including connectivity, digital cockpit and ADAS/AD.",component of QCT reportable-segment revenue; not a direct component identity of consolidated group revenue without the QCT/QTL/nonreportable/unallocated reconciliation chain,"只取 Fourth Quarter 2025 单季度列；未使用同表 Fiscal 2025 全年列（Automotive $3,957 million）。Automotive 为正式维度字典中的 QCT 收入流。",,
高通,QCOM,FY2025Q4,quarter,2025-06-30,2025-09-28,revenue,营业收入,9821,USD million,USD,business=QCT,QCT,,,GAAP,reported_currency,company_disclosed,Qualcomm Announces Fourth Quarter and Fiscal 2025 Results,https://s204.q4cdn.com/645488518/files/doc_financials/2025/q4/FY2025-4th-Quarter-Earnings-Release.pdf,"Earnings Release PDF p.2, QCT Revenue Streams, Fourth Quarter 2025 column, Total QCT revenues row","$ in millions; Fourth Quarter 2025; Total QCT revenues $9,821",,,,false,needs_review,Total QCT revenues reported in Segment Results and equal to the sum of the disclosed QCT revenue streams. It is a reportable-segment measure and is not the consolidated group total.,"QCT reportable segment; consolidated revenue additionally contains QTL, QSI/nonreportable segments and period-specific unallocated or elimination reconciling items","只取 Fourth Quarter 2025 单季度列；未使用同表 Fiscal 2025 全年列（Total QCT revenues $38,367 million）。QCT 为正式维度字典中的可报告分部。",,
高通,QCOM,FY2025Q4,quarter,2025-06-30,2025-09-28,revenue,营业收入,11270,USD million,USD,group,,,,GAAP,reported_currency,company_disclosed,Qualcomm Announces Fourth Quarter and Fiscal 2025 Results,https://s204.q4cdn.com/645488518/files/doc_financials/2025/q4/FY2025-4th-Quarter-Earnings-Release.pdf,"Earnings Release PDF p.1, Fourth Quarter Results, Q4 FY2025 GAAP column, Revenues row","$ in millions, except per share data; Q4 FY2025; Revenues $11,270",,,,false,needs_review,Qualcomm Incorporated consolidated Revenues shown in the GAAP column of each Earnings Release. Scope is business/geography/product=consolidated.,consolidated group total; not interchangeable with a reportable segment or a QCT revenue stream,"只取 Q4 FY2025 单季度列；未使用同页 Fiscal 2025 全年列（GAAP Revenues $44,284 million）。Q4 FY2025 为截至 2025-09-28 的 13 周。",,
高通,QCOM,FY2025Q4,quarter,2025-06-30,2025-09-28,revenue_share_of_group,业务收入占集团收入比,9.34338953,%,,business=Automotive,Automotive,,,GAAP,program_calculated_ratio,program_calculated,Qualcomm Announces Fourth Quarter and Fiscal 2025 Results,https://s204.q4cdn.com/645488518/files/doc_financials/2025/q4/FY2025-4th-Quarter-Earnings-Release.pdf,程序计算；输入来自 Earnings Release PDF p.1 与 p.2 的 Q4 FY2025 / Fourth Quarter 2025 列,"程序计算：1,053 / 11,270 × 100% = 9.34338953%",Automotive Revenue / Group Revenue × 100%,"{""numerator"":1053,""denominator"":11270,""unit"":""USD million""}",两项输入均为 FY2025Q4、quarter、2025-06-30 至 2025-09-28、GAAP、USD、million_currency，且 geography/product 均为 consolidated；未使用 FY2025 全年累计值。,false,needs_review,Program calculation: source-verified QCT Automotive revenue stream divided by source-verified Qualcomm consolidated GAAP Revenues for the same fiscal period.,numerator business=automotive; denominator business=consolidated; only the approved role combination in FormulaInputContract is valid,程序计算，不是公司直接披露；不进行币种换算。,,
高通,QCOM,FY2026Q3,quarter,2026-03-30,2026-06-28,net_income,净利润,2002,USD million,USD,group,,,,GAAP,reported_currency,company_disclosed,Qualcomm Announces Third Quarter Fiscal 2026 Results,https://s204.q4cdn.com/645488518/files/doc_financials/2026/q3/FY2026-3rd-Quarter-Earnings-Release.pdf,"Earnings Release PDF p.4, Condensed Consolidated Statements of Operations, Three Months Ended June 28 2026, Net income row","Net income $2,002 million for the three months ended June 28, 2026",,,,false,needs_review,Qualcomm Incorporated consolidated Net income in the unaudited Condensed Consolidated Statements of Operations; not an adjusted or per-share measure.,business/geography/product=consolidated,GAAP standalone quarter。,,
高通,QCOM,FY2026Q3,quarter,2026-03-30,2026-06-28,operating_income,营业利润,1626,USD million,USD,group,,,,GAAP,reported_currency,company_disclosed,Qualcomm Announces Third Quarter Fiscal 2026 Results,https://s204.q4cdn.com/645488518/files/doc_financials/2026/q3/FY2026-3rd-Quarter-Earnings-Release.pdf,"Earnings Release PDF p.4, Condensed Consolidated Statements of Operations, Three Months Ended June 28 2026, Operating income row","Operating income $1,626 million for the three months ended June 28, 2026",,,,false,needs_review,"Qualcomm Incorporated consolidated Operating income in the unaudited Condensed Consolidated Statements of Operations; losses, if any, are stored as negative values.",business/geography/product=consolidated,GAAP standalone quarter。,,
高通,QCOM,FY2026Q3,quarter,2026-03-30,2026-06-28,revenue,营业收入,1588,USD million,USD,business=Automotive,Automotive,,,GAAP,reported_currency,company_disclosed,Qualcomm Announces Third Quarter Fiscal 2026 Results,https://s204.q4cdn.com/645488518/files/doc_financials/2026/q3/FY2026-3rd-Quarter-Earnings-Release.pdf,"Earnings Release PDF p.2, QCT Revenue Streams, Q3 Fiscal 2026 column, Automotive row","Q3 Fiscal 2026 Automotive revenue $1,588 million; company-reported change +61%",,,,false,needs_review,"Automotive revenue within the QCT revenue streams, disaggregated by the industries and applications in which QCT products are sold. The FY2025 Form 10-K describes it as revenues from products sold for use in automobiles, including connectivity, digital cockpit and ADAS/AD.",component of QCT reportable-segment revenue; not a direct component identity of consolidated group revenue without the QCT/QTL/nonreportable/unallocated reconciliation chain,QCT Automotive revenue stream；公司同页披露 FY2025Q3 为 984 million。,,
高通,QCOM,FY2026Q3,quarter,2026-03-30,2026-06-28,revenue,营业收入,8504,USD million,USD,business=QCT,QCT,,,GAAP,reported_currency,company_disclosed,Qualcomm Announces Third Quarter Fiscal 2026 Results,https://s204.q4cdn.com/645488518/files/doc_financials/2026/q3/FY2026-3rd-Quarter-Earnings-Release.pdf,"Earnings Release PDF p.2, QCT Revenue Streams, Q3 Fiscal 2026 column, Total QCT revenues row","Q3 Fiscal 2026 Total QCT revenues $8,504 million",,,,false,needs_review,Total QCT revenues reported in Segment Results and equal to the sum of the disclosed QCT revenue streams. It is a reportable-segment measure and is not the consolidated group total.,"QCT reportable segment; consolidated revenue additionally contains QTL, QSI/nonreportable segments and period-specific unallocated or elimination reconciling items",QCT reportable-segment revenue；不等同于 consolidated GAAP revenue。,,
高通,QCOM,FY2026Q3,quarter,2026-03-30,2026-06-28,revenue,营业收入,9947,USD million,USD,group,,,,GAAP,reported_currency,company_disclosed,Qualcomm Announces Third Quarter Fiscal 2026 Results,https://s204.q4cdn.com/645488518/files/doc_financials/2026/q3/FY2026-3rd-Quarter-Earnings-Release.pdf,"Earnings Release PDF p.1, Third Quarter Results, Q3 Fiscal 2026 GAAP column, Revenues row","Q3 Fiscal 2026 GAAP Revenues $9,947 million",,,,false,needs_review,Qualcomm Incorporated consolidated Revenues shown in the GAAP column of each Earnings Release. Scope is business/geography/product=consolidated.,consolidated group total; not interchangeable with a reportable segment or a QCT revenue stream,只取 FY2026Q3 standalone quarter；截至 2026-06-28 的 13 周。,,
高通,QCOM,FY2026Q3,quarter,2026-03-30,2026-06-28,revenue_share_of_group,业务收入占集团收入比,15.96461245,%,,business=Automotive,Automotive,,,GAAP,program_calculated_ratio,program_calculated,Qualcomm Announces Third Quarter Fiscal 2026 Results,https://s204.q4cdn.com/645488518/files/doc_financials/2026/q3/FY2026-3rd-Quarter-Earnings-Release.pdf,程序计算；输入来自 Earnings Release PDF p.1 consolidated Revenues 和 p.2 Automotive revenue,"程序计算：1,588 / 9,947 × 100% = 15.96461245%",Automotive Revenue / Group Revenue × 100%,"{""numerator"":1588,""denominator"":9947,""unit"":""USD million""}",两项输入均为 co_000004、FY2026Q3、quarter、2026-03-30 至 2026-06-28、GAAP、reported_currency、USD、million_currency，且 geography/product 均为 consolidated；numerator business=automotive、denominator business=consolidated，符合 FormulaInputContract_v0.1。,false,needs_review,Program calculation: source-verified QCT Automotive revenue stream divided by source-verified Qualcomm consolidated GAAP Revenues for the same fiscal period.,numerator business=automotive; denominator business=consolidated; only the approved role combination in FormulaInputContract is valid,程序计算，不是公司直接披露；未激活或使用 FCF 公式。,,
高通,QCOM,FY2026Q3,quarter,2026-03-30,2026-06-28,rnd_expense,研发费用,2607,USD million,USD,group,,,,GAAP,reported_currency,company_disclosed,Qualcomm Announces Third Quarter Fiscal 2026 Results,https://s204.q4cdn.com/645488518/files/doc_financials/2026/q3/FY2026-3rd-Quarter-Earnings-Release.pdf,"Earnings Release PDF p.4, Condensed Consolidated Statements of Operations, Three Months Ended June 28 2026, Research and development row","Research and development expense $2,607 million for the three months ended June 28, 2026",,,,false,needs_review,"Qualcomm Incorporated consolidated Research and development expense in the unaudited Condensed Consolidated Statements of Operations, stored as positive expense magnitude.",business/geography/product=consolidated,按指标字典存为正费用额；GAAP standalone quarter。,,
高通,QCOM,FY2026Q3,quarter,2026-03-30,2026-06-28,sga_expense,销售及管理费用,976,USD million,USD,group,,,,GAAP,reported_currency,company_disclosed,Qualcomm Announces Third Quarter Fiscal 2026 Results,https://s204.q4cdn.com/645488518/files/doc_financials/2026/q3/FY2026-3rd-Quarter-Earnings-Release.pdf,"Earnings Release PDF p.4, Condensed Consolidated Statements of Operations, Three Months Ended June 28 2026, Selling general and administrative row","Selling, general and administrative expense $976 million for the three months ended June 28, 2026",,,,false,needs_review,"Qualcomm Incorporated consolidated Selling, general and administrative expense in the unaudited Condensed Consolidated Statements of Operations, stored as positive expense magnitude.",business/geography/product=consolidated,按指标字典存为正费用额；GAAP standalone quarter。,,
赛力斯,,2022FY,,,,administrative_expense,,17.8,亿元,CNY,group,,,,,,company_disclosed,赛力斯A股定期报告（经人工审核的工作底稿）,,赛力斯数据.xlsx｜财务数据,,,,,,verified,,,,,
赛力斯,,2023FY,,,,administrative_expense,,16.4,亿元,CNY,group,,,,,,company_disclosed,赛力斯A股定期报告（经人工审核的工作底稿）,,赛力斯数据.xlsx｜财务数据,,,,,,verified,,,,,
赛力斯,,2024FY,,,,administrative_expense,,35.5,亿元,CNY,group,,,,,,company_disclosed,赛力斯A股定期报告（经人工审核的工作底稿）,,赛力斯数据.xlsx｜财务数据,,,,,,verified,,,,,
赛力斯,,2024H1,,,,administrative_expense,,11.8,亿元,CNY,group,,,,,,company_disclosed,赛力斯A股定期报告（经人工审核的工作底稿）,,赛力斯数据.xlsx｜财务数据,,,,,,verified,,,,,
赛力斯,,2024Q1,,,,administrative_expense,,4.51,亿元,CNY,group,,,,,,company_disclosed,赛力斯A股定期报告（经人工审核的工作底稿）,,赛力斯数据.xlsx｜财务数据,,,,,,verified,,,,,
赛力斯,,2024Q2,,,,administrative_expense,,7.29,亿元,CNY,group,,,,,,program_calculated,赛力斯A股定期报告（经人工审核的工作底稿）,,赛力斯数据.xlsx｜财务数据,,2024H1 - 2024Q1,,,,verified,,,,,
赛力斯,,2024Q3,,,,administrative_expense,,10.3,亿元,CNY,group,,,,,,program_calculated,赛力斯A股定期报告（经人工审核的工作底稿）,,赛力斯数据.xlsx｜财务数据,,2024 9M - 2024H1,,,,verified,,,,,
赛力斯,,2024Q4,,,,administrative_expense,,13.4,亿元,CNY,group,,,,,,program_calculated,赛力斯A股定期报告（经人工审核的工作底稿）,,赛力斯数据.xlsx｜财务数据,,2024FY - 2024 9M,,,,verified,,,,,
赛力斯,,2025FY,,,,administrative_expense,,47.87,亿元,CNY,group,,,,,,company_disclosed,赛力斯A股定期报告（经人工审核的工作底稿）,,赛力斯数据.xlsx｜财务数据,,,,,,verified,,,,34.96,
赛力斯,,2025H1,,,,administrative_expense,,15.34,亿元,CNY,group,,,,,,company_disclosed,赛力斯A股定期报告（经人工审核的工作底稿）,,赛力斯数据.xlsx｜财务数据,,,,,,verified,,,,,
赛力斯,,2025Q1,,,,administrative_expense,,6.6,亿元,CNY,group,,,,,,company_disclosed,赛力斯A股定期报告（经人工审核的工作底稿）,,赛力斯数据.xlsx｜财务数据,,,,,,verified,,,,45.8,
赛力斯,,2025Q2,,,,administrative_expense,,8.8,亿元,CNY,group,,,,,,program_calculated,赛力斯A股定期报告（经人工审核的工作底稿）,,赛力斯数据.xlsx｜财务数据,,2025H1 - 2025Q1,,,,verified,,,,20.3,
赛力斯,,2025Q3,,,,administrative_expense,,10.48,亿元,CNY,group,,,,,,program_calculated,赛力斯A股定期报告（经人工审核的工作底稿）,,赛力斯数据.xlsx｜财务数据,,2025 9M - 2025H1,,,,verified,,,,1.91,
赛力斯,,2025Q4,,,,administrative_expense,,22.05,亿元,CNY,group,,,,,,program_calculated,赛力斯A股定期报告（经人工审核的工作底稿）,,赛力斯数据.xlsx｜财务数据,,2025FY - 2025 9M,,,,verified,,,,64.64,
赛力斯,,2026Q1,,,,administrative_expense,,7.36,亿元,CNY,group,,,,,,company_disclosed,赛力斯A股定期报告（经人工审核的工作底稿）,,赛力斯数据.xlsx｜财务数据,,,,,,verified,,,,12.02,
赛力斯,,2023FY,,,,aito_m5_sales,,33670,辆,,AITO_model,,,,,,external_research,乘联会车型销量数据（经人工审核的工作底稿）,,赛力斯数据.xlsx｜车型销量,,乘联会月度车型销量确定性汇总,,,,verified,,,车型销量为乘联会口径；用于车型结构研究，不与上市公司产销快报口径直接混算。,,
赛力斯,,2024FY,,,,aito_m5_sales,,36511,辆,,AITO_model,,,,,,external_research,乘联会车型销量数据（经人工审核的工作底稿）,,赛力斯数据.xlsx｜车型销量,,乘联会月度车型销量确定性汇总,,,,verified,,,车型销量为乘联会口径；用于车型结构研究，不与上市公司产销快报口径直接混算。,,
赛力斯,,2024H1,,,,aito_m5_sales,,15205,辆,,AITO_model,,,,,,external_research,乘联会车型销量数据（经人工审核的工作底稿）,,赛力斯数据.xlsx｜车型销量,,乘联会月度车型销量确定性汇总,,,,verified,,,车型销量为乘联会口径；用于车型结构研究，不与上市公司产销快报口径直接混算。,,
赛力斯,,2024Q1,,,,aito_m5_sales,,2158,辆,,AITO_model,,,,,,external_research,乘联会车型销量数据（经人工审核的工作底稿）,,赛力斯数据.xlsx｜车型销量,,乘联会月度车型销量确定性汇总,,,,verified,,,车型销量为乘联会口径；用于车型结构研究，不与上市公司产销快报口径直接混算。,,
赛力斯,,2024Q2,,,,aito_m5_sales,,13047,辆,,AITO_model,,,,,,external_research,乘联会车型销量数据（经人工审核的工作底稿）,,赛力斯数据.xlsx｜车型销量,,乘联会月度车型销量确定性汇总,,,,verified,,,车型销量为乘联会口径；用于车型结构研究，不与上市公司产销快报口径直接混算。,,
赛力斯,,2024Q3,,,,aito_m5_sales,,14760,辆,,AITO_model,,,,,,external_research,乘联会车型销量数据（经人工审核的工作底稿）,,赛力斯数据.xlsx｜车型销量,,乘联会月度车型销量确定性汇总,,,,verified,,,车型销量为乘联会口径；用于车型结构研究，不与上市公司产销快报口径直接混算。,,
赛力斯,,2024Q4,,,,aito_m5_sales,,6546,辆,,AITO_model,,,,,,external_research,乘联会车型销量数据（经人工审核的工作底稿）,,赛力斯数据.xlsx｜车型销量,,乘联会月度车型销量确定性汇总,,,,verified,,,车型销量为乘联会口径；用于车型结构研究，不与上市公司产销快报口径直接混算。,,
赛力斯,,2025FY,,,,aito_m5_sales,,35951,辆,,AITO_model,,,,,,external_research,乘联会车型销量数据（经人工审核的工作底稿）,,赛力斯数据.xlsx｜车型销量,,乘联会月度车型销量确定性汇总,,,,verified,,,车型销量为乘联会口径；用于车型结构研究，不与上市公司产销快报口径直接混算。,,
赛力斯,,2025H1,,,,aito_m5_sales,,15322,辆,,AITO_model,,,,,,external_research,乘联会车型销量数据（经人工审核的工作底稿）,,赛力斯数据.xlsx｜车型销量,,乘联会月度车型销量确定性汇总,,,,verified,,,车型销量为乘联会口径；用于车型结构研究，不与上市公司产销快报口径直接混算。,,
赛力斯,,2025Q1,,,,aito_m5_sales,,2843,辆,,AITO_model,,,,,,external_research,乘联会车型销量数据（经人工审核的工作底稿）,,赛力斯数据.xlsx｜车型销量,,乘联会月度车型销量确定性汇总,,,,verified,,,车型销量为乘联会口径；用于车型结构研究，不与上市公司产销快报口径直接混算。,,
赛力斯,,2025Q2,,,,aito_m5_sales,,13479,辆,,AITO_model,,,,,,external_research,乘联会车型销量数据（经人工审核的工作底稿）,,赛力斯数据.xlsx｜车型销量,,乘联会月度车型销量确定性汇总,,,,verified,,,车型销量为乘联会口径；用于车型结构研究，不与上市公司产销快报口径直接混算。,,
赛力斯,,2025Q3,,,,aito_m5_sales,,12409,辆,,AITO_model,,,,,,external_research,乘联会车型销量数据（经人工审核的工作底稿）,,赛力斯数据.xlsx｜车型销量,,乘联会月度车型销量确定性汇总,,,,verified,,,车型销量为乘联会口径；用于车型结构研究，不与上市公司产销快报口径直接混算。,,
赛力斯,,2025Q4,,,,aito_m5_sales,,7220,辆,,AITO_model,,,,,,external_research,乘联会车型销量数据（经人工审核的工作底稿）,,赛力斯数据.xlsx｜车型销量,,乘联会月度车型销量确定性汇总,,,,verified,,,车型销量为乘联会口径；用于车型结构研究，不与上市公司产销快报口径直接混算。,,
赛力斯,,2026-01,,,,aito_m5_sales,,903,辆,,AITO_model,,,,,,external_research,乘联会车型销量数据（经人工审核的工作底稿）,,赛力斯数据.xlsx｜车型销量,,,,,,verified,,,车型销量为乘联会口径；用于车型结构研究，不与上市公司产销快报口径直接混算。,,
赛力斯,,2026-02,,,,aito_m5_sales,,428,辆,,AITO_model,,,,,,external_research,乘联会车型销量数据（经人工审核的工作底稿）,,赛力斯数据.xlsx｜车型销量,,,,,,verified,,,车型销量为乘联会口径；用于车型结构研究，不与上市公司产销快报口径直接混算。,,
赛力斯,,2026-03,,,,aito_m5_sales,,967,辆,,AITO_model,,,,,,external_research,乘联会车型销量数据（经人工审核的工作底稿）,,赛力斯数据.xlsx｜车型销量,,,,,,verified,,,车型销量为乘联会口径；用于车型结构研究，不与上市公司产销快报口径直接混算。,,
赛力斯,,2026-04,,,,aito_m5_sales,,438,辆,,AITO_model,,,,,,external_research,乘联会车型销量数据（经人工审核的工作底稿）,,赛力斯数据.xlsx｜车型销量,,,,,,verified,,,车型销量为乘联会口径；用于车型结构研究，不与上市公司产销快报口径直接混算。,,
赛力斯,,2026-05,,,,aito_m5_sales,,230,辆,,AITO_model,,,,,,external_research,乘联会车型销量数据（经人工审核的工作底稿）,,赛力斯数据.xlsx｜车型销量,,,,,,verified,,,车型销量为乘联会口径；用于车型结构研究，不与上市公司产销快报口径直接混算。,,
赛力斯,,2026-06,,,,aito_m5_sales,,292,辆,,AITO_model,,,,,,external_research,乘联会车型销量数据（经人工审核的工作底稿）,,赛力斯数据.xlsx｜车型销量,,,,,,verified,,,车型销量为乘联会口径；用于车型结构研究，不与上市公司产销快报口径直接混算。,,
赛力斯,,2026-07,,,,aito_m5_sales,,112,辆,,AITO_model,,,,,,external_research,乘联会车型销量数据（经人工审核的工作底稿）,,赛力斯数据.xlsx｜车型销量,,,,,,verified,,,车型销量为乘联会口径；用于车型结构研究，不与上市公司产销快报口径直接混算。,,
赛力斯,,2026H1,,,,aito_m5_sales,,3258,辆,,AITO_model,,,,,,external_research,乘联会车型销量数据（经人工审核的工作底稿）,,赛力斯数据.xlsx｜车型销量,,乘联会月度车型销量确定性汇总,,,,verified,,,车型销量为乘联会口径；用于车型结构研究，不与上市公司产销快报口径直接混算。,,
赛力斯,,2026Q1,,,,aito_m5_sales,,2298,辆,,AITO_model,,,,,,external_research,乘联会车型销量数据（经人工审核的工作底稿）,,赛力斯数据.xlsx｜车型销量,,乘联会月度车型销量确定性汇总,,,,verified,,,车型销量为乘联会口径；用于车型结构研究，不与上市公司产销快报口径直接混算。,,
赛力斯,,2026Q2,,,,aito_m5_sales,,960,辆,,AITO_model,,,,,,external_research,乘联会车型销量数据（经人工审核的工作底稿）,,赛力斯数据.xlsx｜车型销量,,乘联会月度车型销量确定性汇总,,,,verified,,,车型销量为乘联会口径；用于车型结构研究，不与上市公司产销快报口径直接混算。,,
赛力斯,,2026-03,,,,aito_m6_sales,,1116,辆,,AITO_model,,,,,,external_research,乘联会车型销量数据（经人工审核的工作底稿）,,赛力斯数据.xlsx｜车型销量,,,,,,verified,,,车型销量为乘联会口径；用于车型结构研究，不与上市公司产销快报口径直接混算。,,
赛力斯,,2026-04,,,,aito_m6_sales,,3773,辆,,AITO_model,,,,,,external_research,乘联会车型销量数据（经人工审核的工作底稿）,,赛力斯数据.xlsx｜车型销量,,,,,,verified,,,车型销量为乘联会口径；用于车型结构研究，不与上市公司产销快报口径直接混算。,,
赛力斯,,2026-05,,,,aito_m6_sales,,18148,辆,,AITO_model,,,,,,external_research,乘联会车型销量数据（经人工审核的工作底稿）,,赛力斯数据.xlsx｜车型销量,,,,,,verified,,,车型销量为乘联会口径；用于车型结构研究，不与上市公司产销快报口径直接混算。,,
赛力斯,,2026-06,,,,aito_m6_sales,,10624,辆,,AITO_model,,,,,,external_research,乘联会车型销量数据（经人工审核的工作底稿）,,赛力斯数据.xlsx｜车型销量,,,,,,verified,,,车型销量为乘联会口径；用于车型结构研究，不与上市公司产销快报口径直接混算。,,
赛力斯,,2026-07,,,,aito_m6_sales,,5428,辆,,AITO_model,,,,,,external_research,乘联会车型销量数据（经人工审核的工作底稿）,,赛力斯数据.xlsx｜车型销量,,,,,,verified,,,车型销量为乘联会口径；用于车型结构研究，不与上市公司产销快报口径直接混算。,,
赛力斯,,2026H1,,,,aito_m6_sales,,33661,辆,,AITO_model,,,,,,external_research,乘联会车型销量数据（经人工审核的工作底稿）,,赛力斯数据.xlsx｜车型销量,,乘联会月度车型销量确定性汇总,,,,verified,,,车型销量为乘联会口径；用于车型结构研究，不与上市公司产销快报口径直接混算。,,
赛力斯,,2026Q1,,,,aito_m6_sales,,1116,辆,,AITO_model,,,,,,external_research,乘联会车型销量数据（经人工审核的工作底稿）,,赛力斯数据.xlsx｜车型销量,,乘联会月度车型销量确定性汇总,,,,verified,,,车型销量为乘联会口径；用于车型结构研究，不与上市公司产销快报口径直接混算。,,
赛力斯,,2026Q2,,,,aito_m6_sales,,32545,辆,,AITO_model,,,,,,external_research,乘联会车型销量数据（经人工审核的工作底稿）,,赛力斯数据.xlsx｜车型销量,,乘联会月度车型销量确定性汇总,,,,verified,,,车型销量为乘联会口径；用于车型结构研究，不与上市公司产销快报口径直接混算。,,
赛力斯,,2023FY,,,,aito_m7_sales,,67961,辆,,AITO_model,,,,,,external_research,乘联会车型销量数据（经人工审核的工作底稿）,,赛力斯数据.xlsx｜车型销量,,乘联会月度车型销量确定性汇总,,,,verified,,,车型销量为乘联会口径；用于车型结构研究，不与上市公司产销快报口径直接混算。,,
赛力斯,,2024FY,,,,aito_m7_sales,,193342,辆,,AITO_model,,,,,,external_research,乘联会车型销量数据（经人工审核的工作底稿）,,赛力斯数据.xlsx｜车型销量,,乘联会月度车型销量确定性汇总,,,,verified,,,车型销量为乘联会口径；用于车型结构研究，不与上市公司产销快报口径直接混算。,,
赛力斯,,2024H1,,,,aito_m7_sales,,106540,辆,,AITO_model,,,,,,external_research,乘联会车型销量数据（经人工审核的工作底稿）,,赛力斯数据.xlsx｜车型销量,,乘联会月度车型销量确定性汇总,,,,verified,,,车型销量为乘联会口径；用于车型结构研究，不与上市公司产销快报口径直接混算。,,
赛力斯,,2024Q1,,,,aito_m7_sales,,69592,辆,,AITO_model,,,,,,external_research,乘联会车型销量数据（经人工审核的工作底稿）,,赛力斯数据.xlsx｜车型销量,,乘联会月度车型销量确定性汇总,,,,verified,,,车型销量为乘联会口径；用于车型结构研究，不与上市公司产销快报口径直接混算。,,
赛力斯,,2024Q2,,,,aito_m7_sales,,36948,辆,,AITO_model,,,,,,external_research,乘联会车型销量数据（经人工审核的工作底稿）,,赛力斯数据.xlsx｜车型销量,,乘联会月度车型销量确定性汇总,,,,verified,,,车型销量为乘联会口径；用于车型结构研究，不与上市公司产销快报口径直接混算。,,
赛力斯,,2024Q3,,,,aito_m7_sales,,44838,辆,,AITO_model,,,,,,external_research,乘联会车型销量数据（经人工审核的工作底稿）,,赛力斯数据.xlsx｜车型销量,,乘联会月度车型销量确定性汇总,,,,verified,,,车型销量为乘联会口径；用于车型结构研究，不与上市公司产销快报口径直接混算。,,
赛力斯,,2024Q4,,,,aito_m7_sales,,41964,辆,,AITO_model,,,,,,external_research,乘联会车型销量数据（经人工审核的工作底稿）,,赛力斯数据.xlsx｜车型销量,,乘联会月度车型销量确定性汇总,,,,verified,,,车型销量为乘联会口径；用于车型结构研究，不与上市公司产销快报口径直接混算。,,
赛力斯,,2025FY,,,,aito_m7_sales,,118425,辆,,AITO_model,,,,,,external_research,乘联会车型销量数据（经人工审核的工作底稿）,,赛力斯数据.xlsx｜车型销量,,乘联会月度车型销量确定性汇总,,,,verified,,,车型销量为乘联会口径；用于车型结构研究，不与上市公司产销快报口径直接混算。,,
赛力斯,,2025H1,,,,aito_m7_sales,,33760,辆,,AITO_model,,,,,,external_research,乘联会车型销量数据（经人工审核的工作底稿）,,赛力斯数据.xlsx｜车型销量,,乘联会月度车型销量确定性汇总,,,,verified,,,车型销量为乘联会口径；用于车型结构研究，不与上市公司产销快报口径直接混算。,,
赛力斯,,2025Q1,,,,aito_m7_sales,,20159,辆,,AITO_model,,,,,,external_research,乘联会车型销量数据（经人工审核的工作底稿）,,赛力斯数据.xlsx｜车型销量,,乘联会月度车型销量确定性汇总,,,,verified,,,车型销量为乘联会口径；用于车型结构研究，不与上市公司产销快报口径直接混算。,,
赛力斯,,2025Q2,,,,aito_m7_sales,,13601,辆,,AITO_model,,,,,,external_research,乘联会车型销量数据（经人工审核的工作底稿）,,赛力斯数据.xlsx｜车型销量,,乘联会月度车型销量确定性汇总,,,,verified,,,车型销量为乘联会口径；用于车型结构研究，不与上市公司产销快报口径直接混算。,,
赛力斯,,2025Q3,,,,aito_m7_sales,,13962,辆,,AITO_model,,,,,,external_research,乘联会车型销量数据（经人工审核的工作底稿）,,赛力斯数据.xlsx｜车型销量,,乘联会月度车型销量确定性汇总,,,,verified,,,车型销量为乘联会口径；用于车型结构研究，不与上市公司产销快报口径直接混算。,,
赛力斯,,2025Q4,,,,aito_m7_sales,,70703,辆,,AITO_model,,,,,,external_research,乘联会车型销量数据（经人工审核的工作底稿）,,赛力斯数据.xlsx｜车型销量,,乘联会月度车型销量确定性汇总,,,,verified,,,车型销量为乘联会口径；用于车型结构研究，不与上市公司产销快报口径直接混算。,,
赛力斯,,2026-01,,,,aito_m7_sales,,26454,辆,,AITO_model,,,,,,external_research,乘联会车型销量数据（经人工审核的工作底稿）,,赛力斯数据.xlsx｜车型销量,,,,,,verified,,,车型销量为乘联会口径；用于车型结构研究，不与上市公司产销快报口径直接混算。,,
赛力斯,,2026-02,,,,aito_m7_sales,,10093,辆,,AITO_model,,,,,,external_research,乘联会车型销量数据（经人工审核的工作底稿）,,赛力斯数据.xlsx｜车型销量,,,,,,verified,,,车型销量为乘联会口径；用于车型结构研究，不与上市公司产销快报口径直接混算。,,
赛力斯,,2026-03,,,,aito_m7_sales,,8383,辆,,AITO_model,,,,,,external_research,乘联会车型销量数据（经人工审核的工作底稿）,,赛力斯数据.xlsx｜车型销量,,,,,,verified,,,车型销量为乘联会口径；用于车型结构研究，不与上市公司产销快报口径直接混算。,,
赛力斯,,2026-04,,,,aito_m7_sales,,8670,辆,,AITO_model,,,,,,external_research,乘联会车型销量数据（经人工审核的工作底稿）,,赛力斯数据.xlsx｜车型销量,,,,,,verified,,,车型销量为乘联会口径；用于车型结构研究，不与上市公司产销快报口径直接混算。,,
赛力斯,,2026-05,,,,aito_m7_sales,,9199,辆,,AITO_model,,,,,,external_research,乘联会车型销量数据（经人工审核的工作底稿）,,赛力斯数据.xlsx｜车型销量,,,,,,verified,,,车型销量为乘联会口径；用于车型结构研究，不与上市公司产销快报口径直接混算。,,
赛力斯,,2026-06,,,,aito_m7_sales,,5201,辆,,AITO_model,,,,,,external_research,乘联会车型销量数据（经人工审核的工作底稿）,,赛力斯数据.xlsx｜车型销量,,,,,,verified,,,车型销量为乘联会口径；用于车型结构研究，不与上市公司产销快报口径直接混算。,,
赛力斯,,2026-07,,,,aito_m7_sales,,4584,辆,,AITO_model,,,,,,external_research,乘联会车型销量数据（经人工审核的工作底稿）,,赛力斯数据.xlsx｜车型销量,,,,,,verified,,,车型销量为乘联会口径；用于车型结构研究，不与上市公司产销快报口径直接混算。,,
赛力斯,,2026H1,,,,aito_m7_sales,,68000,辆,,AITO_model,,,,,,external_research,乘联会车型销量数据（经人工审核的工作底稿）,,赛力斯数据.xlsx｜车型销量,,乘联会月度车型销量确定性汇总,,,,verified,,,车型销量为乘联会口径；用于车型结构研究，不与上市公司产销快报口径直接混算。,,
赛力斯,,2026Q1,,,,aito_m7_sales,,44930,辆,,AITO_model,,,,,,external_research,乘联会车型销量数据（经人工审核的工作底稿）,,赛力斯数据.xlsx｜车型销量,,乘联会月度车型销量确定性汇总,,,,verified,,,车型销量为乘联会口径；用于车型结构研究，不与上市公司产销快报口径直接混算。,,
赛力斯,,2026Q2,,,,aito_m7_sales,,23070,辆,,AITO_model,,,,,,external_research,乘联会车型销量数据（经人工审核的工作底稿）,,赛力斯数据.xlsx｜车型销量,,乘联会月度车型销量确定性汇总,,,,verified,,,车型销量为乘联会口径；用于车型结构研究，不与上市公司产销快报口径直接混算。,,
赛力斯,,2025FY,,,,aito_m8_sales,,150420,辆,,AITO_model,,,,,,external_research,乘联会车型销量数据（经人工审核的工作底稿）,,赛力斯数据.xlsx｜车型销量,,乘联会月度车型销量确定性汇总,,,,verified,,,车型销量为乘联会口径；用于车型结构研究，不与上市公司产销快报口径直接混算。,,
赛力斯,,2025H1,,,,aito_m8_sales,,35184,辆,,AITO_model,,,,,,external_research,乘联会车型销量数据（经人工审核的工作底稿）,,赛力斯数据.xlsx｜车型销量,,乘联会月度车型销量确定性汇总,,,,verified,,,车型销量为乘联会口径；用于车型结构研究，不与上市公司产销快报口径直接混算。,,
赛力斯,,2025Q2,,,,aito_m8_sales,,35184,辆,,AITO_model,,,,,,external_research,乘联会车型销量数据（经人工审核的工作底稿）,,赛力斯数据.xlsx｜车型销量,,乘联会月度车型销量确定性汇总,,,,verified,,,车型销量为乘联会口径；用于车型结构研究，不与上市公司产销快报口径直接混算。,,
赛力斯,,2025Q3,,,,aito_m8_sales,,64345,辆,,AITO_model,,,,,,external_research,乘联会车型销量数据（经人工审核的工作底稿）,,赛力斯数据.xlsx｜车型销量,,乘联会月度车型销量确定性汇总,,,,verified,,,车型销量为乘联会口径；用于车型结构研究，不与上市公司产销快报口径直接混算。,,
赛力斯,,2025Q4,,,,aito_m8_sales,,50891,辆,,AITO_model,,,,,,external_research,乘联会车型销量数据（经人工审核的工作底稿）,,赛力斯数据.xlsx｜车型销量,,乘联会月度车型销量确定性汇总,,,,verified,,,车型销量为乘联会口径；用于车型结构研究，不与上市公司产销快报口径直接混算。,,
赛力斯,,2026-01,,,,aito_m8_sales,,7381,辆,,AITO_model,,,,,,external_research,乘联会车型销量数据（经人工审核的工作底稿）,,赛力斯数据.xlsx｜车型销量,,,,,,verified,,,车型销量为乘联会口径；用于车型结构研究，不与上市公司产销快报口径直接混算。,,
赛力斯,,2026-02,,,,aito_m8_sales,,3992,辆,,AITO_model,,,,,,external_research,乘联会车型销量数据（经人工审核的工作底稿）,,赛力斯数据.xlsx｜车型销量,,,,,,verified,,,车型销量为乘联会口径；用于车型结构研究，不与上市公司产销快报口径直接混算。,,
赛力斯,,2026-03,,,,aito_m8_sales,,4007,辆,,AITO_model,,,,,,external_research,乘联会车型销量数据（经人工审核的工作底稿）,,赛力斯数据.xlsx｜车型销量,,,,,,verified,,,车型销量为乘联会口径；用于车型结构研究，不与上市公司产销快报口径直接混算。,,
赛力斯,,2026-04,,,,aito_m8_sales,,6889,辆,,AITO_model,,,,,,external_research,乘联会车型销量数据（经人工审核的工作底稿）,,赛力斯数据.xlsx｜车型销量,,,,,,verified,,,车型销量为乘联会口径；用于车型结构研究，不与上市公司产销快报口径直接混算。,,
赛力斯,,2026-05,,,,aito_m8_sales,,5109,辆,,AITO_model,,,,,,external_research,乘联会车型销量数据（经人工审核的工作底稿）,,赛力斯数据.xlsx｜车型销量,,,,,,verified,,,车型销量为乘联会口径；用于车型结构研究，不与上市公司产销快报口径直接混算。,,
赛力斯,,2026-06,,,,aito_m8_sales,,4012,辆,,AITO_model,,,,,,external_research,乘联会车型销量数据（经人工审核的工作底稿）,,赛力斯数据.xlsx｜车型销量,,,,,,verified,,,车型销量为乘联会口径；用于车型结构研究，不与上市公司产销快报口径直接混算。,,
赛力斯,,2026-07,,,,aito_m8_sales,,2809,辆,,AITO_model,,,,,,external_research,乘联会车型销量数据（经人工审核的工作底稿）,,赛力斯数据.xlsx｜车型销量,,,,,,verified,,,车型销量为乘联会口径；用于车型结构研究，不与上市公司产销快报口径直接混算。,,
赛力斯,,2026H1,,,,aito_m8_sales,,31390,辆,,AITO_model,,,,,,external_research,乘联会车型销量数据（经人工审核的工作底稿）,,赛力斯数据.xlsx｜车型销量,,乘联会月度车型销量确定性汇总,,,,verified,,,车型销量为乘联会口径；用于车型结构研究，不与上市公司产销快报口径直接混算。,,
赛力斯,,2026Q1,,,,aito_m8_sales,,15380,辆,,AITO_model,,,,,,external_research,乘联会车型销量数据（经人工审核的工作底稿）,,赛力斯数据.xlsx｜车型销量,,乘联会月度车型销量确定性汇总,,,,verified,,,车型销量为乘联会口径；用于车型结构研究，不与上市公司产销快报口径直接混算。,,
赛力斯,,2026Q2,,,,aito_m8_sales,,16010,辆,,AITO_model,,,,,,external_research,乘联会车型销量数据（经人工审核的工作底稿）,,赛力斯数据.xlsx｜车型销量,,乘联会月度车型销量确定性汇总,,,,verified,,,车型销量为乘联会口径；用于车型结构研究，不与上市公司产销快报口径直接混算。,,
赛力斯,,2024FY,,,,aito_m9_sales,,156051,辆,,AITO_model,,,,,,external_research,乘联会车型销量数据（经人工审核的工作底稿）,,赛力斯数据.xlsx｜车型销量,,乘联会月度车型销量确定性汇总,,,,verified,,,车型销量为乘联会口径；用于车型结构研究，不与上市公司产销快报口径直接混算。,,
赛力斯,,2024H1,,,,aito_m9_sales,,58823,辆,,AITO_model,,,,,,external_research,乘联会车型销量数据（经人工审核的工作底稿）,,赛力斯数据.xlsx｜车型销量,,乘联会月度车型销量确定性汇总,,,,verified,,,车型销量为乘联会口径；用于车型结构研究，不与上市公司产销快报口径直接混算。,,
赛力斯,,2024Q1,,,,aito_m9_sales,,10697,辆,,AITO_model,,,,,,external_research,乘联会车型销量数据（经人工审核的工作底稿）,,赛力斯数据.xlsx｜车型销量,,乘联会月度车型销量确定性汇总,,,,verified,,,车型销量为乘联会口径；用于车型结构研究，不与上市公司产销快报口径直接混算。,,
赛力斯,,2024Q2,,,,aito_m9_sales,,48126,辆,,AITO_model,,,,,,external_research,乘联会车型销量数据（经人工审核的工作底稿）,,赛力斯数据.xlsx｜车型销量,,乘联会月度车型销量确定性汇总,,,,verified,,,车型销量为乘联会口径；用于车型结构研究，不与上市公司产销快报口径直接混算。,,
赛力斯,,2024Q3,,,,aito_m9_sales,,49313,辆,,AITO_model,,,,,,external_research,乘联会车型销量数据（经人工审核的工作底稿）,,赛力斯数据.xlsx｜车型销量,,乘联会月度车型销量确定性汇总,,,,verified,,,车型销量为乘联会口径；用于车型结构研究，不与上市公司产销快报口径直接混算。,,
赛力斯,,2024Q4,,,,aito_m9_sales,,47915,辆,,AITO_model,,,,,,external_research,乘联会车型销量数据（经人工审核的工作底稿）,,赛力斯数据.xlsx｜车型销量,,乘联会月度车型销量确定性汇总,,,,verified,,,车型销量为乘联会口径；用于车型结构研究，不与上市公司产销快报口径直接混算。,,
赛力斯,,2025FY,,,,aito_m9_sales,,118124,辆,,AITO_model,,,,,,external_research,乘联会车型销量数据（经人工审核的工作底稿）,,赛力斯数据.xlsx｜车型销量,,乘联会月度车型销量确定性汇总,,,,verified,,,车型销量为乘联会口径；用于车型结构研究，不与上市公司产销快报口径直接混算。,,
赛力斯,,2025H1,,,,aito_m9_sales,,62434,辆,,AITO_model,,,,,,external_research,乘联会车型销量数据（经人工审核的工作底稿）,,赛力斯数据.xlsx｜车型销量,,乘联会月度车型销量确定性汇总,,,,verified,,,车型销量为乘联会口径；用于车型结构研究，不与上市公司产销快报口径直接混算。,,
赛力斯,,2025Q1,,,,aito_m9_sales,,22828,辆,,AITO_model,,,,,,external_research,乘联会车型销量数据（经人工审核的工作底稿）,,赛力斯数据.xlsx｜车型销量,,乘联会月度车型销量确定性汇总,,,,verified,,,车型销量为乘联会口径；用于车型结构研究，不与上市公司产销快报口径直接混算。,,
赛力斯,,2025Q2,,,,aito_m9_sales,,39606,辆,,AITO_model,,,,,,external_research,乘联会车型销量数据（经人工审核的工作底稿）,,赛力斯数据.xlsx｜车型销量,,乘联会月度车型销量确定性汇总,,,,verified,,,车型销量为乘联会口径；用于车型结构研究，不与上市公司产销快报口径直接混算。,,
赛力斯,,2025Q3,,,,aito_m9_sales,,30668,辆,,AITO_model,,,,,,external_research,乘联会车型销量数据（经人工审核的工作底稿）,,赛力斯数据.xlsx｜车型销量,,乘联会月度车型销量确定性汇总,,,,verified,,,车型销量为乘联会口径；用于车型结构研究，不与上市公司产销快报口径直接混算。,,
赛力斯,,2025Q4,,,,aito_m9_sales,,25022,辆,,AITO_model,,,,,,external_research,乘联会车型销量数据（经人工审核的工作底稿）,,赛力斯数据.xlsx｜车型销量,,乘联会月度车型销量确定性汇总,,,,verified,,,车型销量为乘联会口径；用于车型结构研究，不与上市公司产销快报口径直接混算。,,
赛力斯,,2026-01,,,,aito_m9_sales,,5278,辆,,AITO_model,,,,,,external_research,乘联会车型销量数据（经人工审核的工作底稿）,,赛力斯数据.xlsx｜车型销量,,,,,,verified,,,车型销量为乘联会口径；用于车型结构研究，不与上市公司产销快报口径直接混算。,,
赛力斯,,2026-02,,,,aito_m9_sales,,3085,辆,,AITO_model,,,,,,external_research,乘联会车型销量数据（经人工审核的工作底稿）,,赛力斯数据.xlsx｜车型销量,,,,,,verified,,,车型销量为乘联会口径；用于车型结构研究，不与上市公司产销快报口径直接混算。,,
赛力斯,,2026-03,,,,aito_m9_sales,,2982,辆,,AITO_model,,,,,,external_research,乘联会车型销量数据（经人工审核的工作底稿）,,赛力斯数据.xlsx｜车型销量,,,,,,verified,,,车型销量为乘联会口径；用于车型结构研究，不与上市公司产销快报口径直接混算。,,
赛力斯,,2026-04,,,,aito_m9_sales,,3382,辆,,AITO_model,,,,,,external_research,乘联会车型销量数据（经人工审核的工作底稿）,,赛力斯数据.xlsx｜车型销量,,,,,,verified,,,车型销量为乘联会口径；用于车型结构研究，不与上市公司产销快报口径直接混算。,,
赛力斯,,2026-05,,,,aito_m9_sales,,1634,辆,,AITO_model,,,,,,external_research,乘联会车型销量数据（经人工审核的工作底稿）,,赛力斯数据.xlsx｜车型销量,,,,,,verified,,,车型销量为乘联会口径；用于车型结构研究，不与上市公司产销快报口径直接混算。,,
赛力斯,,2026-06,,,,aito_m9_sales,,10070,辆,,AITO_model,,,,,,external_research,乘联会车型销量数据（经人工审核的工作底稿）,,赛力斯数据.xlsx｜车型销量,,,,,,verified,,,车型销量为乘联会口径；用于车型结构研究，不与上市公司产销快报口径直接混算。,,
赛力斯,,2026-07,,,,aito_m9_sales,,9639,辆,,AITO_model,,,,,,external_research,乘联会车型销量数据（经人工审核的工作底稿）,,赛力斯数据.xlsx｜车型销量,,,,,,verified,,,车型销量为乘联会口径；用于车型结构研究，不与上市公司产销快报口径直接混算。,,
赛力斯,,2026H1,,,,aito_m9_sales,,26431,辆,,AITO_model,,,,,,external_research,乘联会车型销量数据（经人工审核的工作底稿）,,赛力斯数据.xlsx｜车型销量,,乘联会月度车型销量确定性汇总,,,,verified,,,车型销量为乘联会口径；用于车型结构研究，不与上市公司产销快报口径直接混算。,,
赛力斯,,2026Q1,,,,aito_m9_sales,,11345,辆,,AITO_model,,,,,,external_research,乘联会车型销量数据（经人工审核的工作底稿）,,赛力斯数据.xlsx｜车型销量,,乘联会月度车型销量确定性汇总,,,,verified,,,车型销量为乘联会口径；用于车型结构研究，不与上市公司产销快报口径直接混算。,,
赛力斯,,2026Q2,,,,aito_m9_sales,,15086,辆,,AITO_model,,,,,,external_research,乘联会车型销量数据（经人工审核的工作底稿）,,赛力斯数据.xlsx｜车型销量,,乘联会月度车型销量确定性汇总,,,,verified,,,车型销量为乘联会口径；用于车型结构研究，不与上市公司产销快报口径直接混算。,,
赛力斯,,2023FY,,,,aito_model_sales_total,,101631,辆,,AITO_model,,,,,,external_research,乘联会车型销量数据（经人工审核的工作底稿）,,赛力斯数据.xlsx｜车型销量,,M5 + M6 + M7 + M8 + M9（缺失/未上市车型按工作底稿原值处理）,,,,verified,,,车型销量为乘联会口径；用于车型结构研究，不与上市公司产销快报口径直接混算。,,
赛力斯,,2024FY,,,,aito_model_sales_total,,385904,辆,,AITO_model,,,,,,external_research,乘联会车型销量数据（经人工审核的工作底稿）,,赛力斯数据.xlsx｜车型销量,,M5 + M6 + M7 + M8 + M9（缺失/未上市车型按工作底稿原值处理）,,,,verified,,,车型销量为乘联会口径；用于车型结构研究，不与上市公司产销快报口径直接混算。,,
赛力斯,,2024H1,,,,aito_model_sales_total,,180568,辆,,AITO_model,,,,,,external_research,乘联会车型销量数据（经人工审核的工作底稿）,,赛力斯数据.xlsx｜车型销量,,M5 + M6 + M7 + M8 + M9（缺失/未上市车型按工作底稿原值处理）,,,,verified,,,车型销量为乘联会口径；用于车型结构研究，不与上市公司产销快报口径直接混算。,,
赛力斯,,2024Q1,,,,aito_model_sales_total,,82447,辆,,AITO_model,,,,,,external_research,乘联会车型销量数据（经人工审核的工作底稿）,,赛力斯数据.xlsx｜车型销量,,M5 + M6 + M7 + M8 + M9（缺失/未上市车型按工作底稿原值处理）,,,,verified,,,车型销量为乘联会口径；用于车型结构研究，不与上市公司产销快报口径直接混算。,,
赛力斯,,2024Q2,,,,aito_model_sales_total,,98121,辆,,AITO_model,,,,,,external_research,乘联会车型销量数据（经人工审核的工作底稿）,,赛力斯数据.xlsx｜车型销量,,M5 + M6 + M7 + M8 + M9（缺失/未上市车型按工作底稿原值处理）,,,,verified,,,车型销量为乘联会口径；用于车型结构研究，不与上市公司产销快报口径直接混算。,,
赛力斯,,2024Q3,,,,aito_model_sales_total,,108911,辆,,AITO_model,,,,,,external_research,乘联会车型销量数据（经人工审核的工作底稿）,,赛力斯数据.xlsx｜车型销量,,M5 + M6 + M7 + M8 + M9（缺失/未上市车型按工作底稿原值处理）,,,,verified,,,车型销量为乘联会口径；用于车型结构研究，不与上市公司产销快报口径直接混算。,,
赛力斯,,2024Q4,,,,aito_model_sales_total,,96425,辆,,AITO_model,,,,,,external_research,乘联会车型销量数据（经人工审核的工作底稿）,,赛力斯数据.xlsx｜车型销量,,M5 + M6 + M7 + M8 + M9（缺失/未上市车型按工作底稿原值处理）,,,,verified,,,车型销量为乘联会口径；用于车型结构研究，不与上市公司产销快报口径直接混算。,,
赛力斯,,2025FY,,,,aito_model_sales_total,,422920,辆,,AITO_model,,,,,,external_research,乘联会车型销量数据（经人工审核的工作底稿）,,赛力斯数据.xlsx｜车型销量,,M5 + M6 + M7 + M8 + M9（缺失/未上市车型按工作底稿原值处理）,,,,verified,,,车型销量为乘联会口径；用于车型结构研究，不与上市公司产销快报口径直接混算。,,
赛力斯,,2025H1,,,,aito_model_sales_total,,147700,辆,,AITO_model,,,,,,external_research,乘联会车型销量数据（经人工审核的工作底稿）,,赛力斯数据.xlsx｜车型销量,,M5 + M6 + M7 + M8 + M9（缺失/未上市车型按工作底稿原值处理）,,,,verified,,,车型销量为乘联会口径；用于车型结构研究，不与上市公司产销快报口径直接混算。,,
赛力斯,,2025Q1,,,,aito_model_sales_total,,45830,辆,,AITO_model,,,,,,external_research,乘联会车型销量数据（经人工审核的工作底稿）,,赛力斯数据.xlsx｜车型销量,,M5 + M6 + M7 + M8 + M9（缺失/未上市车型按工作底稿原值处理）,,,,verified,,,车型销量为乘联会口径；用于车型结构研究，不与上市公司产销快报口径直接混算。,,
赛力斯,,2025Q2,,,,aito_model_sales_total,,101870,辆,,AITO_model,,,,,,external_research,乘联会车型销量数据（经人工审核的工作底稿）,,赛力斯数据.xlsx｜车型销量,,M5 + M6 + M7 + M8 + M9（缺失/未上市车型按工作底稿原值处理）,,,,verified,,,车型销量为乘联会口径；用于车型结构研究，不与上市公司产销快报口径直接混算。,,
赛力斯,,2025Q3,,,,aito_model_sales_total,,121384,辆,,AITO_model,,,,,,external_research,乘联会车型销量数据（经人工审核的工作底稿）,,赛力斯数据.xlsx｜车型销量,,M5 + M6 + M7 + M8 + M9（缺失/未上市车型按工作底稿原值处理）,,,,verified,,,车型销量为乘联会口径；用于车型结构研究，不与上市公司产销快报口径直接混算。,,
赛力斯,,2025Q4,,,,aito_model_sales_total,,153836,辆,,AITO_model,,,,,,external_research,乘联会车型销量数据（经人工审核的工作底稿）,,赛力斯数据.xlsx｜车型销量,,M5 + M6 + M7 + M8 + M9（缺失/未上市车型按工作底稿原值处理）,,,,verified,,,车型销量为乘联会口径；用于车型结构研究，不与上市公司产销快报口径直接混算。,,
赛力斯,,2026-01,,,,aito_model_sales_total,,40016,辆,,AITO_model,,,,,,external_research,乘联会车型销量数据（经人工审核的工作底稿）,,赛力斯数据.xlsx｜车型销量,,M5 + M6 + M7 + M8 + M9（缺失/未上市车型按工作底稿原值处理）,,,,verified,,,车型销量为乘联会口径；用于车型结构研究，不与上市公司产销快报口径直接混算。,,
赛力斯,,2026-02,,,,aito_model_sales_total,,17598,辆,,AITO_model,,,,,,external_research,乘联会车型销量数据（经人工审核的工作底稿）,,赛力斯数据.xlsx｜车型销量,,M5 + M6 + M7 + M8 + M9（缺失/未上市车型按工作底稿原值处理）,,,,verified,,,车型销量为乘联会口径；用于车型结构研究，不与上市公司产销快报口径直接混算。,,
赛力斯,,2026-03,,,,aito_model_sales_total,,17455,辆,,AITO_model,,,,,,external_research,乘联会车型销量数据（经人工审核的工作底稿）,,赛力斯数据.xlsx｜车型销量,,M5 + M6 + M7 + M8 + M9（缺失/未上市车型按工作底稿原值处理）,,,,verified,,,车型销量为乘联会口径；用于车型结构研究，不与上市公司产销快报口径直接混算。,,
赛力斯,,2026-04,,,,aito_model_sales_total,,23152,辆,,AITO_model,,,,,,external_research,乘联会车型销量数据（经人工审核的工作底稿）,,赛力斯数据.xlsx｜车型销量,,M5 + M6 + M7 + M8 + M9（缺失/未上市车型按工作底稿原值处理）,,,,verified,,,车型销量为乘联会口径；用于车型结构研究，不与上市公司产销快报口径直接混算。,,
赛力斯,,2026-05,,,,aito_model_sales_total,,34320,辆,,AITO_model,,,,,,external_research,乘联会车型销量数据（经人工审核的工作底稿）,,赛力斯数据.xlsx｜车型销量,,M5 + M6 + M7 + M8 + M9（缺失/未上市车型按工作底稿原值处理）,,,,verified,,,车型销量为乘联会口径；用于车型结构研究，不与上市公司产销快报口径直接混算。,,
赛力斯,,2026-06,,,,aito_model_sales_total,,30199,辆,,AITO_model,,,,,,external_research,乘联会车型销量数据（经人工审核的工作底稿）,,赛力斯数据.xlsx｜车型销量,,M5 + M6 + M7 + M8 + M9（缺失/未上市车型按工作底稿原值处理）,,,,verified,,,车型销量为乘联会口径；用于车型结构研究，不与上市公司产销快报口径直接混算。,,
赛力斯,,2026-07,,,,aito_model_sales_total,,22572,辆,,AITO_model,,,,,,external_research,乘联会车型销量数据（经人工审核的工作底稿）,,赛力斯数据.xlsx｜车型销量,,M5 + M6 + M7 + M8 + M9（缺失/未上市车型按工作底稿原值处理）,,,,verified,,,车型销量为乘联会口径；用于车型结构研究，不与上市公司产销快报口径直接混算。,,
赛力斯,,2026H1,,,,aito_model_sales_total,,162740,辆,,AITO_model,,,,,,external_research,乘联会车型销量数据（经人工审核的工作底稿）,,赛力斯数据.xlsx｜车型销量,,M5 + M6 + M7 + M8 + M9（缺失/未上市车型按工作底稿原值处理）,,,,verified,,,车型销量为乘联会口径；用于车型结构研究，不与上市公司产销快报口径直接混算。,,
赛力斯,,2026Q1,,,,aito_model_sales_total,,75069,辆,,AITO_model,,,,,,external_research,乘联会车型销量数据（经人工审核的工作底稿）,,赛力斯数据.xlsx｜车型销量,,M5 + M6 + M7 + M8 + M9（缺失/未上市车型按工作底稿原值处理）,,,,verified,,,车型销量为乘联会口径；用于车型结构研究，不与上市公司产销快报口径直接混算。,,
赛力斯,,2026Q2,,,,aito_model_sales_total,,87671,辆,,AITO_model,,,,,,external_research,乘联会车型销量数据（经人工审核的工作底稿）,,赛力斯数据.xlsx｜车型销量,,M5 + M6 + M7 + M8 + M9（缺失/未上市车型按工作底稿原值处理）,,,,verified,,,车型销量为乘联会口径；用于车型结构研究，不与上市公司产销快报口径直接混算。,,
赛力斯,,2022FY,,,,cost_of_sales,,302.4,亿元,CNY,group,,,,,,company_disclosed,赛力斯A股定期报告（经人工审核的工作底稿）,,赛力斯数据.xlsx｜财务数据,,,,,,verified,,,2024年年报披露保证类质保成本由销售费用追溯调整至营业成本；本数据包沿用各期原财报口径，未静默统一重述。,,
赛力斯,,2023FY,,,,cost_of_sales,,323.1,亿元,CNY,group,,,,,,company_disclosed,赛力斯A股定期报告（经人工审核的工作底稿）,,赛力斯数据.xlsx｜财务数据,,,,,,verified,,,2024年年报披露保证类质保成本由销售费用追溯调整至营业成本；本数据包沿用各期原财报口径，未静默统一重述。,,
赛力斯,,2024FY,,,,cost_of_sales,,1072.1,亿元,CNY,group,,,,,,company_disclosed,赛力斯A股定期报告（经人工审核的工作底稿）,,赛力斯数据.xlsx｜财务数据,,,,,,verified,,,2024年年报披露保证类质保成本由销售费用追溯调整至营业成本；本数据包沿用各期原财报口径，未静默统一重述。,,
赛力斯,,2024H1,,,,cost_of_sales,,494.0,亿元,CNY,group,,,,,,company_disclosed,赛力斯A股定期报告（经人工审核的工作底稿）,,赛力斯数据.xlsx｜财务数据,,,,,,verified,,,2024年年报披露保证类质保成本由销售费用追溯调整至营业成本；本数据包沿用各期原财报口径，未静默统一重述。,,
赛力斯,,2024Q1,,,,cost_of_sales,,208.46,亿元,CNY,group,,,,,,company_disclosed,赛力斯A股定期报告（经人工审核的工作底稿）,,赛力斯数据.xlsx｜财务数据,,,,,,verified,,,2024年年报披露保证类质保成本由销售费用追溯调整至营业成本；本数据包沿用各期原财报口径，未静默统一重述。,,
赛力斯,,2024Q2,,,,cost_of_sales,,279.11,亿元,CNY,group,,,,,,program_calculated,赛力斯A股定期报告（经人工审核的工作底稿）,,赛力斯数据.xlsx｜财务数据,,2024H1 - 2024Q1,,,,verified,,,2024年年报披露保证类质保成本由销售费用追溯调整至营业成本；本数据包沿用各期原财报口径，未静默统一重述。,,
赛力斯,,2024Q3,,,,cost_of_sales,,303.3,亿元,CNY,group,,,,,,program_calculated,赛力斯A股定期报告（经人工审核的工作底稿）,,赛力斯数据.xlsx｜财务数据,,2024 9M - 2024H1,,,,verified,,,2024年年报披露保证类质保成本由销售费用追溯调整至营业成本；本数据包沿用各期原财报口径，未静默统一重述。,,
赛力斯,,2024Q4,,,,cost_of_sales,,274.9,亿元,CNY,group,,,,,,program_calculated,赛力斯A股定期报告（经人工审核的工作底稿）,,赛力斯数据.xlsx｜财务数据,,2024FY - 2024 9M,,,,verified,,,2024年年报披露保证类质保成本由销售费用追溯调整至营业成本；本数据包沿用各期原财报口径，未静默统一重述。,,
赛力斯,,2025FY,,,,cost_of_sales,,1169.54,亿元,CNY,group,,,,,,company_disclosed,赛力斯A股定期报告（经人工审核的工作底稿）,,赛力斯数据.xlsx｜财务数据,,,,,,verified,,,2024年年报披露保证类质保成本由销售费用追溯调整至营业成本；本数据包沿用各期原财报口径，未静默统一重述。,9.09,
赛力斯,,2025H1,,,,cost_of_sales,,443.46,亿元,CNY,group,,,,,,company_disclosed,赛力斯A股定期报告（经人工审核的工作底稿）,,赛力斯数据.xlsx｜财务数据,,,,,,verified,,,2024年年报披露保证类质保成本由销售费用追溯调整至营业成本；本数据包沿用各期原财报口径，未静默统一重述。,,
赛力斯,,2025Q1,,,,cost_of_sales,,138.6,亿元,CNY,group,,,,,,company_disclosed,赛力斯A股定期报告（经人工审核的工作底稿）,,赛力斯数据.xlsx｜财务数据,,,,,,verified,,,2024年年报披露保证类质保成本由销售费用追溯调整至营业成本；本数据包沿用各期原财报口径，未静默统一重述。,-33.5,
赛力斯,,2025Q2,,,,cost_of_sales,,304.9,亿元,CNY,group,,,,,,program_calculated,赛力斯A股定期报告（经人工审核的工作底稿）,,赛力斯数据.xlsx｜财务数据,,2025H1 - 2025Q1,,,,verified,,,2024年年报披露保证类质保成本由销售费用追溯调整至营业成本；本数据包沿用各期原财报口径，未静默统一重述。,9.2,
赛力斯,,2025Q3,,,,cost_of_sales,,337.17,亿元,CNY,group,,,,,,program_calculated,赛力斯A股定期报告（经人工审核的工作底稿）,,赛力斯数据.xlsx｜财务数据,,2025 9M - 2025H1,,,,verified,,,2024年年报披露保证类质保成本由销售费用追溯调整至营业成本；本数据包沿用各期原财报口径，未静默统一重述。,11.18,
赛力斯,,2025Q4,,,,cost_of_sales,,388.91,亿元,CNY,group,,,,,,program_calculated,赛力斯A股定期报告（经人工审核的工作底稿）,,赛力斯数据.xlsx｜财务数据,,2025FY - 2025 9M,,,,verified,,,2024年年报披露保证类质保成本由销售费用追溯调整至营业成本；本数据包沿用各期原财报口径，未静默统一重述。,41.49,
赛力斯,,2026Q1,,,,cost_of_sales,,189.9,亿元,CNY,group,,,,,,company_disclosed,赛力斯A股定期报告（经人工审核的工作底稿）,,赛力斯数据.xlsx｜财务数据,,,,,,verified,,,2024年年报披露保证类质保成本由销售费用追溯调整至营业成本；本数据包沿用各期原财报口径，未静默统一重述。,37.03,
赛力斯,,2022FY,,,,finance_expense,,1.7,亿元,CNY,group,,,,,,company_disclosed,赛力斯A股定期报告（经人工审核的工作底稿）,,赛力斯数据.xlsx｜财务数据,,,,,,verified,,,,,
赛力斯,,2023FY,,,,finance_expense,,-0.2,亿元,CNY,group,,,,,,company_disclosed,赛力斯A股定期报告（经人工审核的工作底稿）,,赛力斯数据.xlsx｜财务数据,,,,,,verified,,,,,
赛力斯,,2024FY,,,,finance_expense,,-2.9,亿元,CNY,group,,,,,,company_disclosed,赛力斯A股定期报告（经人工审核的工作底稿）,,赛力斯数据.xlsx｜财务数据,,,,,,verified,,,,,
赛力斯,,2024H1,,,,finance_expense,,-0.2,亿元,CNY,group,,,,,,company_disclosed,赛力斯A股定期报告（经人工审核的工作底稿）,,赛力斯数据.xlsx｜财务数据,,,,,,verified,,,,,
赛力斯,,2024Q1,,,,finance_expense,,0.01,亿元,CNY,group,,,,,,company_disclosed,赛力斯A股定期报告（经人工审核的工作底稿）,,赛力斯数据.xlsx｜财务数据,,,,,,verified,,,,,
赛力斯,,2024Q2,,,,finance_expense,,-0.24,亿元,CNY,group,,,,,,program_calculated,赛力斯A股定期报告（经人工审核的工作底稿）,,赛力斯数据.xlsx｜财务数据,,2024H1 - 2024Q1,,,,verified,,,,,
赛力斯,,2024Q3,,,,finance_expense,,-1.7,亿元,CNY,group,,,,,,program_calculated,赛力斯A股定期报告（经人工审核的工作底稿）,,赛力斯数据.xlsx｜财务数据,,2024 9M - 2024H1,,,,verified,,,,,
赛力斯,,2024Q4,,,,finance_expense,,-1.0,亿元,CNY,group,,,,,,program_calculated,赛力斯A股定期报告（经人工审核的工作底稿）,,赛力斯数据.xlsx｜财务数据,,2024FY - 2024 9M,,,,verified,,,,,
赛力斯,,2025FY,,,,finance_expense,,-4.2,亿元,CNY,group,,,,,,company_disclosed,赛力斯A股定期报告（经人工审核的工作底稿）,,赛力斯数据.xlsx｜财务数据,,,,,,verified,,,,,
赛力斯,,2025H1,,,,finance_expense,,-2.77,亿元,CNY,group,,,,,,company_disclosed,赛力斯A股定期报告（经人工审核的工作底稿）,,赛力斯数据.xlsx｜财务数据,,,,,,verified,,,,,
赛力斯,,2025Q1,,,,finance_expense,,-1.4,亿元,CNY,group,,,,,,company_disclosed,赛力斯A股定期报告（经人工审核的工作底稿）,,赛力斯数据.xlsx｜财务数据,,,,,,verified,,,,,
赛力斯,,2025Q2,,,,finance_expense,,-1.4,亿元,CNY,group,,,,,,program_calculated,赛力斯A股定期报告（经人工审核的工作底稿）,,赛力斯数据.xlsx｜财务数据,,2025H1 - 2025Q1,,,,verified,,,,,
赛力斯,,2025Q3,,,,finance_expense,,-1.28,亿元,CNY,group,,,,,,program_calculated,赛力斯A股定期报告（经人工审核的工作底稿）,,赛力斯数据.xlsx｜财务数据,,2025 9M - 2025H1,,,,verified,,,,,
赛力斯,,2025Q4,,,,finance_expense,,-0.14,亿元,CNY,group,,,,,,program_calculated,赛力斯A股定期报告（经人工审核的工作底稿）,,赛力斯数据.xlsx｜财务数据,,2025FY - 2025 9M,,,,verified,,,,,
赛力斯,,2026Q1,,,,finance_expense,,0.96,亿元,CNY,group,,,,,,company_disclosed,赛力斯A股定期报告（经人工审核的工作底稿）,,赛力斯数据.xlsx｜财务数据,,,,,,verified,,,,,
赛力斯,,2022FY,,,,gross_margin,,11.3,%,,group,,,,,,company_disclosed,赛力斯A股定期报告（经人工审核的工作底稿）,,赛力斯数据.xlsx｜财务数据,,,,,,verified,,,2024年年报披露保证类质保成本由销售费用追溯调整至营业成本；本数据包沿用各期原财报口径，未静默统一重述。,,
赛力斯,,2023FY,,,,gross_margin,,9.9,%,,group,,,,,,company_disclosed,赛力斯A股定期报告（经人工审核的工作底稿）,,赛力斯数据.xlsx｜财务数据,,,,,,verified,,,2024年年报披露保证类质保成本由销售费用追溯调整至营业成本；本数据包沿用各期原财报口径，未静默统一重述。,,
赛力斯,,2024FY,,,,gross_margin,,26.2,%,,group,,,,,,company_disclosed,赛力斯A股定期报告（经人工审核的工作底稿）,,赛力斯数据.xlsx｜财务数据,,,,,,verified,,,2024年年报披露保证类质保成本由销售费用追溯调整至营业成本；本数据包沿用各期原财报口径，未静默统一重述。,,
赛力斯,,2024H1,,,,gross_margin,,24.1,%,,group,,,,,,company_disclosed,赛力斯A股定期报告（经人工审核的工作底稿）,,赛力斯数据.xlsx｜财务数据,,,,,,verified,,,2024年年报披露保证类质保成本由销售费用追溯调整至营业成本；本数据包沿用各期原财报口径，未静默统一重述。,,
赛力斯,,2024Q1,,,,gross_margin,,21.51,%,,group,,,,,,company_disclosed,赛力斯A股定期报告（经人工审核的工作底稿）,,赛力斯数据.xlsx｜财务数据,,,,,,verified,,,2024年年报披露保证类质保成本由销售费用追溯调整至营业成本；本数据包沿用各期原财报口径，未静默统一重述。,,
赛力斯,,2024Q2,,,,gross_margin,,27.47,%,,group,,,,,,program_calculated,赛力斯A股定期报告（经人工审核的工作底稿）,,赛力斯数据.xlsx｜财务数据,,2024H1 - 2024Q1,,,,verified,,,2024年年报披露保证类质保成本由销售费用追溯调整至营业成本；本数据包沿用各期原财报口径，未静默统一重述。,,
赛力斯,,2024Q3,,,,gross_margin,,27.1,%,,group,,,,,,program_calculated,赛力斯A股定期报告（经人工审核的工作底稿）,,赛力斯数据.xlsx｜财务数据,,2024 9M - 2024H1,,,,verified,,,2024年年报披露保证类质保成本由销售费用追溯调整至营业成本；本数据包沿用各期原财报口径，未静默统一重述。,,
赛力斯,,2024Q4,,,,gross_margin,,28.7,%,,group,,,,,,program_calculated,赛力斯A股定期报告（经人工审核的工作底稿）,,赛力斯数据.xlsx｜财务数据,,2024FY - 2024 9M,,,,verified,,,2024年年报披露保证类质保成本由销售费用追溯调整至营业成本；本数据包沿用各期原财报口径，未静默统一重述。,,
赛力斯,,2025FY,,,,gross_margin,,29.14,%,,group,,,,,,company_disclosed,赛力斯A股定期报告（经人工审核的工作底稿）,,赛力斯数据.xlsx｜财务数据,,,,,,verified,,,2024年年报披露保证类质保成本由销售费用追溯调整至营业成本；本数据包沿用各期原财报口径，未静默统一重述。,,2.99
赛力斯,,2025H1,,,,gross_margin,,28.93,%,,group,,,,,,company_disclosed,赛力斯A股定期报告（经人工审核的工作底稿）,,赛力斯数据.xlsx｜财务数据,,,,,,verified,,,2024年年报披露保证类质保成本由销售费用追溯调整至营业成本；本数据包沿用各期原财报口径，未静默统一重述。,,
赛力斯,,2025Q1,,,,gross_margin,,27.6,%,,group,,,,,,company_disclosed,赛力斯A股定期报告（经人工审核的工作底稿）,,赛力斯数据.xlsx｜财务数据,,,,,,verified,,,2024年年报披露保证类质保成本由销售费用追溯调整至营业成本；本数据包沿用各期原财报口径，未静默统一重述。,,6.1
赛力斯,,2025Q2,,,,gross_margin,,29.5,%,,group,,,,,,program_calculated,赛力斯A股定期报告（经人工审核的工作底稿）,,赛力斯数据.xlsx｜财务数据,,2025H1 - 2025Q1,,,,verified,,,2024年年报披露保证类质保成本由销售费用追溯调整至营业成本；本数据包沿用各期原财报口径，未静默统一重述。,,2.0
赛力斯,,2025Q3,,,,gross_margin,,29.95,%,,group,,,,,,program_calculated,赛力斯A股定期报告（经人工审核的工作底稿）,,赛力斯数据.xlsx｜财务数据,,2025 9M - 2025H1,,,,verified,,,2024年年报披露保证类质保成本由销售费用追溯调整至营业成本；本数据包沿用各期原财报口径，未静默统一重述。,,2.88
赛力斯,,2025Q4,,,,gross_margin,,28.67,%,,group,,,,,,program_calculated,赛力斯A股定期报告（经人工审核的工作底稿）,,赛力斯数据.xlsx｜财务数据,,2025FY - 2025 9M,,,,verified,,,2024年年报披露保证类质保成本由销售费用追溯调整至营业成本；本数据包沿用各期原财报口径，未静默统一重述。,,-0.03
赛力斯,,2026Q1,,,,gross_margin,,26.24,%,,group,,,,,,company_disclosed,赛力斯A股定期报告（经人工审核的工作底稿）,,赛力斯数据.xlsx｜财务数据,,,,,,verified,,,2024年年报披露保证类质保成本由销售费用追溯调整至营业成本；本数据包沿用各期原财报口径，未静默统一重述。,,-1.38
赛力斯,,2022FY,,,,gross_profit,,38.6,亿元,CNY,group,,,,,,company_disclosed,赛力斯A股定期报告（经人工审核的工作底稿）,,赛力斯数据.xlsx｜财务数据,,,,,,verified,,,,,
赛力斯,,2023FY,,,,gross_profit,,35.3,亿元,CNY,group,,,,,,company_disclosed,赛力斯A股定期报告（经人工审核的工作底稿）,,赛力斯数据.xlsx｜财务数据,,,,,,verified,,,,,
赛力斯,,2024FY,,,,gross_profit,,379.7,亿元,CNY,group,,,,,,company_disclosed,赛力斯A股定期报告（经人工审核的工作底稿）,,赛力斯数据.xlsx｜财务数据,,,,,,verified,,,,,
赛力斯,,2024H1,,,,gross_profit,,156.5,亿元,CNY,group,,,,,,company_disclosed,赛力斯A股定期报告（经人工审核的工作底稿）,,赛力斯数据.xlsx｜财务数据,,,,,,verified,,,,,
赛力斯,,2024Q1,,,,gross_profit,,57.14,亿元,CNY,group,,,,,,company_disclosed,赛力斯A股定期报告（经人工审核的工作底稿）,,赛力斯数据.xlsx｜财务数据,,,,,,verified,,,,,
赛力斯,,2024Q2,,,,gross_profit,,105.73,亿元,CNY,group,,,,,,program_calculated,赛力斯A股定期报告（经人工审核的工作底稿）,,赛力斯数据.xlsx｜财务数据,,2024H1 - 2024Q1,,,,verified,,,,,
赛力斯,,2024Q3,,,,gross_profit,,112.5,亿元,CNY,group,,,,,,program_calculated,赛力斯A股定期报告（经人工审核的工作底稿）,,赛力斯数据.xlsx｜财务数据,,2024 9M - 2024H1,,,,verified,,,,,
赛力斯,,2024Q4,,,,gross_profit,,110.6,亿元,CNY,group,,,,,,program_calculated,赛力斯A股定期报告（经人工审核的工作底稿）,,赛力斯数据.xlsx｜财务数据,,2024FY - 2024 9M,,,,verified,,,,,
赛力斯,,2025FY,,,,gross_profit,,481.0,亿元,CNY,group,,,,,,company_disclosed,赛力斯A股定期报告（经人工审核的工作底稿）,,赛力斯数据.xlsx｜财务数据,,,,,,verified,,,,26.69,
赛力斯,,2025H1,,,,gross_profit,,180.56,亿元,CNY,group,,,,,,company_disclosed,赛力斯A股定期报告（经人工审核的工作底稿）,,赛力斯数据.xlsx｜财务数据,,,,,,verified,,,,,
赛力斯,,2025Q1,,,,gross_profit,,52.9,亿元,CNY,group,,,,,,company_disclosed,赛力斯A股定期报告（经人工审核的工作底稿）,,赛力斯数据.xlsx｜财务数据,,,,,,verified,,,,-7.5,
赛力斯,,2025Q2,,,,gross_profit,,127.7,亿元,CNY,group,,,,,,program_calculated,赛力斯A股定期报告（经人工审核的工作底稿）,,赛力斯数据.xlsx｜财务数据,,2025H1 - 2025Q1,,,,verified,,,,20.8,
赛力斯,,2025Q3,,,,gross_profit,,144.15,亿元,CNY,group,,,,,,program_calculated,赛力斯A股定期报告（经人工审核的工作底稿）,,赛力斯数据.xlsx｜财务数据,,2025 9M - 2025H1,,,,verified,,,,28.09,
赛力斯,,2025Q4,,,,gross_profit,,156.29,亿元,CNY,group,,,,,,program_calculated,赛力斯A股定期报告（经人工审核的工作底稿）,,赛力斯数据.xlsx｜财务数据,,2025FY - 2025 9M,,,,verified,,,,41.27,
赛力斯,,2026Q1,,,,gross_profit,,67.55,亿元,CNY,group,,,,,,company_disclosed,赛力斯A股定期报告（经人工审核的工作底稿）,,赛力斯数据.xlsx｜财务数据,,,,,,verified,,,,27.75,
赛力斯,,2022FY,,,,net_margin_consolidated,,-15.3,%,,group,,,,,,company_disclosed,赛力斯A股定期报告（经人工审核的工作底稿）,,赛力斯数据.xlsx｜财务数据,,,,,,verified,,,,,
赛力斯,,2023FY,,,,net_margin_consolidated,,-11.6,%,,group,,,,,,company_disclosed,赛力斯A股定期报告（经人工审核的工作底稿）,,赛力斯数据.xlsx｜财务数据,,,,,,verified,,,,,
赛力斯,,2024FY,,,,net_margin_consolidated,,3.3,%,,group,,,,,,company_disclosed,赛力斯A股定期报告（经人工审核的工作底稿）,,赛力斯数据.xlsx｜财务数据,,,,,,verified,,,,,
赛力斯,,2024H1,,,,net_margin_consolidated,,2.1,%,,group,,,,,,company_disclosed,赛力斯A股定期报告（经人工审核的工作底稿）,,赛力斯数据.xlsx｜财务数据,,,,,,verified,,,,,
赛力斯,,2024Q1,,,,net_margin_consolidated,,0.33,%,,group,,,,,,company_disclosed,赛力斯A股定期报告（经人工审核的工作底稿）,,赛力斯数据.xlsx｜财务数据,,,,,,verified,,,,,
赛力斯,,2024Q2,,,,net_margin_consolidated,,3.3,%,,group,,,,,,program_calculated,赛力斯A股定期报告（经人工审核的工作底稿）,,赛力斯数据.xlsx｜财务数据,,2024H1 - 2024Q1,,,,verified,,,,,
赛力斯,,2024Q3,,,,net_margin_consolidated,,4.9,%,,group,,,,,,program_calculated,赛力斯A股定期报告（经人工审核的工作底稿）,,赛力斯数据.xlsx｜财务数据,,2024 9M - 2024H1,,,,verified,,,,,
赛力斯,,2024Q4,,,,net_margin_consolidated,,3.5,%,,group,,,,,,program_calculated,赛力斯A股定期报告（经人工审核的工作底稿）,,赛力斯数据.xlsx｜财务数据,,2024FY - 2024 9M,,,,verified,,,,,
赛力斯,,2025FY,,,,net_margin_consolidated,,3.72,%,,group,,,,,,company_disclosed,赛力斯A股定期报告（经人工审核的工作底稿）,,赛力斯数据.xlsx｜财务数据,,,,,,verified,,,,,0.46
赛力斯,,2025H1,,,,net_margin_consolidated,,4.93,%,,group,,,,,,company_disclosed,赛力斯A股定期报告（经人工审核的工作底稿）,,赛力斯数据.xlsx｜财务数据,,,,,,verified,,,,,
赛力斯,,2025Q1,,,,net_margin_consolidated,,3.9,%,,group,,,,,,company_disclosed,赛力斯A股定期报告（经人工审核的工作底稿）,,赛力斯数据.xlsx｜财务数据,,,,,,verified,,,,,3.5
赛力斯,,2025Q2,,,,net_margin_consolidated,,5.4,%,,group,,,,,,program_calculated,赛力斯A股定期报告（经人工审核的工作底稿）,,赛力斯数据.xlsx｜财务数据,,2025H1 - 2025Q1,,,,verified,,,,,2.1
赛力斯,,2025Q3,,,,net_margin_consolidated,,5.32,%,,group,,,,,,program_calculated,赛力斯A股定期报告（经人工审核的工作底稿）,,赛力斯数据.xlsx｜财务数据,,2025 9M - 2025H1,,,,verified,,,,,0.39
赛力斯,,2025Q4,,,,net_margin_consolidated,,0.94,%,,group,,,,,,program_calculated,赛力斯A股定期报告（经人工审核的工作底稿）,,赛力斯数据.xlsx｜财务数据,,2025FY - 2025 9M,,,,verified,,,,,-2.52
赛力斯,,2026Q1,,,,net_margin_consolidated,,2.37,%,,group,,,,,,company_disclosed,赛力斯A股定期报告（经人工审核的工作底稿）,,赛力斯数据.xlsx｜财务数据,,,,,,verified,,,,,-1.5
赛力斯,,2022FY,,,,net_profit_attributable,,-38.3,亿元,CNY,group,,,,,,company_disclosed,赛力斯A股定期报告（经人工审核的工作底稿）,,赛力斯数据.xlsx｜财务数据,,,,,,verified,,,,,
赛力斯,,2023FY,,,,net_profit_attributable,,-24.5,亿元,CNY,group,,,,,,company_disclosed,赛力斯A股定期报告（经人工审核的工作底稿）,,赛力斯数据.xlsx｜财务数据,,,,,,verified,,,,,
赛力斯,,2024FY,,,,net_profit_attributable,,59.5,亿元,CNY,group,,,,,,company_disclosed,赛力斯A股定期报告（经人工审核的工作底稿）,,赛力斯数据.xlsx｜财务数据,,,,,,verified,,,,,
赛力斯,,2024H1,,,,net_profit_attributable,,16.2,亿元,CNY,group,,,,,,company_disclosed,赛力斯A股定期报告（经人工审核的工作底稿）,,赛力斯数据.xlsx｜财务数据,,,,,,verified,,,,,
赛力斯,,2024Q1,,,,net_profit_attributable,,2.2,亿元,CNY,group,,,,,,company_disclosed,赛力斯A股定期报告（经人工审核的工作底稿）,,赛力斯数据.xlsx｜财务数据,,,,,,verified,,,,,
赛力斯,,2024Q2,,,,net_profit_attributable,,14.05,亿元,CNY,group,,,,,,program_calculated,赛力斯A股定期报告（经人工审核的工作底稿）,,赛力斯数据.xlsx｜财务数据,,2024H1 - 2024Q1,,,,verified,,,,,
赛力斯,,2024Q3,,,,net_profit_attributable,,24.1,亿元,CNY,group,,,,,,program_calculated,赛力斯A股定期报告（经人工审核的工作底稿）,,赛力斯数据.xlsx｜财务数据,,2024 9M - 2024H1,,,,verified,,,,,
赛力斯,,2024Q4,,,,net_profit_attributable,,19.1,亿元,CNY,group,,,,,,program_calculated,赛力斯A股定期报告（经人工审核的工作底稿）,,赛力斯数据.xlsx｜财务数据,,2024FY - 2024 9M,,,,verified,,,,,
赛力斯,,2025FY,,,,net_profit_attributable,,59.57,亿元,CNY,group,,,,,,company_disclosed,赛力斯A股定期报告（经人工审核的工作底稿）,,赛力斯数据.xlsx｜财务数据,,,,,,verified,,,,0.18,
赛力斯,,2025H1,,,,net_profit_attributable,,29.41,亿元,CNY,group,,,,,,company_disclosed,赛力斯A股定期报告（经人工审核的工作底稿）,,赛力斯数据.xlsx｜财务数据,,,,,,verified,,,,,
赛力斯,,2025Q1,,,,net_profit_attributable,,7.5,亿元,CNY,group,,,,,,company_disclosed,赛力斯A股定期报告（经人工审核的工作底稿）,,赛力斯数据.xlsx｜财务数据,,,,,,verified,,,,240.6,
赛力斯,,2025Q2,,,,net_profit_attributable,,21.9,亿元,CNY,group,,,,,,program_calculated,赛力斯A股定期报告（经人工审核的工作底稿）,,赛力斯数据.xlsx｜财务数据,,2025H1 - 2025Q1,,,,verified,,,,56.1,
赛力斯,,2025Q3,,,,net_profit_attributable,,23.71,亿元,CNY,group,,,,,,program_calculated,赛力斯A股定期报告（经人工审核的工作底稿）,,赛力斯数据.xlsx｜财务数据,,2025 9M - 2025H1,,,,verified,,,,-1.74,
赛力斯,,2025Q4,,,,net_profit_attributable,,6.44,亿元,CNY,group,,,,,,program_calculated,赛力斯A股定期报告（经人工审核的工作底稿）,,赛力斯数据.xlsx｜财务数据,,2025FY - 2025 9M,,,,verified,,,,-66.23,
赛力斯,,2026Q1,,,,net_profit_attributable,,7.54,亿元,CNY,group,,,,,,company_disclosed,赛力斯A股定期报告（经人工审核的工作底稿）,,赛力斯数据.xlsx｜财务数据,,,,,,verified,,,,0.89,
赛力斯,,2022FY,,,,net_profit_consolidated,,-52.2,亿元,CNY,group,,,,,,company_disclosed,赛力斯A股定期报告（经人工审核的工作底稿）,,赛力斯数据.xlsx｜财务数据,,,,,,verified,,,,,
赛力斯,,2023FY,,,,net_profit_consolidated,,-41.6,亿元,CNY,group,,,,,,company_disclosed,赛力斯A股定期报告（经人工审核的工作底稿）,,赛力斯数据.xlsx｜财务数据,,,,,,verified,,,,,
赛力斯,,2024FY,,,,net_profit_consolidated,,47.4,亿元,CNY,group,,,,,,company_disclosed,赛力斯A股定期报告（经人工审核的工作底稿）,,赛力斯数据.xlsx｜财务数据,,,,,,verified,,,,,
赛力斯,,2024H1,,,,net_profit_consolidated,,13.6,亿元,CNY,group,,,,,,company_disclosed,赛力斯A股定期报告（经人工审核的工作底稿）,,赛力斯数据.xlsx｜财务数据,,,,,,verified,,,,,
赛力斯,,2024Q1,,,,net_profit_consolidated,,0.89,亿元,CNY,group,,,,,,company_disclosed,赛力斯A股定期报告（经人工审核的工作底稿）,,赛力斯数据.xlsx｜财务数据,,,,,,verified,,,,,
赛力斯,,2024Q2,,,,net_profit_consolidated,,12.7,亿元,CNY,group,,,,,,program_calculated,赛力斯A股定期报告（经人工审核的工作底稿）,,赛力斯数据.xlsx｜财务数据,,2024H1 - 2024Q1,,,,verified,,,,,
赛力斯,,2024Q3,,,,net_profit_consolidated,,20.5,亿元,CNY,group,,,,,,program_calculated,赛力斯A股定期报告（经人工审核的工作底稿）,,赛力斯数据.xlsx｜财务数据,,2024 9M - 2024H1,,,,verified,,,,,
赛力斯,,2024Q4,,,,net_profit_consolidated,,13.3,亿元,CNY,group,,,,,,program_calculated,赛力斯A股定期报告（经人工审核的工作底稿）,,赛力斯数据.xlsx｜财务数据,,2024FY - 2024 9M,,,,verified,,,,,
赛力斯,,2025FY,,,,net_profit_consolidated,,61.47,亿元,CNY,group,,,,,,company_disclosed,赛力斯A股定期报告（经人工审核的工作底稿）,,赛力斯数据.xlsx｜财务数据,,,,,,verified,,,,29.67,
赛力斯,,2025H1,,,,net_profit_consolidated,,30.77,亿元,CNY,group,,,,,,company_disclosed,赛力斯A股定期报告（经人工审核的工作底稿）,,赛力斯数据.xlsx｜财务数据,,,,,,verified,,,,,
赛力斯,,2025Q1,,,,net_profit_consolidated,,7.4,亿元,CNY,group,,,,,,company_disclosed,赛力斯A股定期报告（经人工审核的工作底稿）,,赛力斯数据.xlsx｜财务数据,,,,,,verified,,,,732.5,
赛力斯,,2025Q2,,,,net_profit_consolidated,,23.4,亿元,CNY,group,,,,,,program_calculated,赛力斯A股定期报告（经人工审核的工作底稿）,,赛力斯数据.xlsx｜财务数据,,2025H1 - 2025Q1,,,,verified,,,,84.0,
赛力斯,,2025Q3,,,,net_profit_consolidated,,25.6,亿元,CNY,group,,,,,,program_calculated,赛力斯A股定期报告（经人工审核的工作底稿）,,赛力斯数据.xlsx｜财务数据,,2025 9M - 2025H1,,,,verified,,,,24.82,
赛力斯,,2025Q4,,,,net_profit_consolidated,,5.1,亿元,CNY,group,,,,,,program_calculated,赛力斯A股定期报告（经人工审核的工作底稿）,,赛力斯数据.xlsx｜财务数据,,2025FY - 2025 9M,,,,verified,,,,-61.68,
赛力斯,,2026Q1,,,,net_profit_consolidated,,6.11,亿元,CNY,group,,,,,,company_disclosed,赛力斯A股定期报告（经人工审核的工作底稿）,,赛力斯数据.xlsx｜财务数据,,,,,,verified,,,,-17.56,
赛力斯,,2024FY,,,,nev_sales,,426885.0,辆,,group,,,,,,company_disclosed,赛力斯A股产销快报（经人工审核的工作底稿）,,赛力斯数据.xlsx｜销量,,,,,,verified,,,,182.84,
赛力斯,,2024H1,,,,nev_sales,,200949.0,辆,,group,,,,,,company_disclosed,赛力斯A股产销快报（经人工审核的工作底稿）,,赛力斯数据.xlsx｜销量,,,,,,verified,,,,348.55,
赛力斯,,2024Q1,,,,nev_sales,,94825.0,辆,,group,,,,,,program_calculated,赛力斯A股产销快报（经人工审核的工作底稿）,,赛力斯数据.xlsx｜销量,,24Q1-01 + 24Q1-02 + 24Q1-03,,,,verified,,,,374.77,
赛力斯,,2024Q2,,,,nev_sales,,106124.0,辆,,group,,,,,,program_calculated,赛力斯A股产销快报（经人工审核的工作底稿）,,赛力斯数据.xlsx｜销量,,24Q2H1 - 24Q2Q1,,,,verified,,,,327.45,
赛力斯,,2024Q3,,,,nev_sales,,115764.0,辆,,group,,,,,,program_calculated,赛力斯A股产销快报（经人工审核的工作底稿）,,赛力斯数据.xlsx｜销量,,24Q39M - 24Q3H1,,,,verified,,,,394.23,
赛力斯,,2024Q4,,,,nev_sales,,110172.0,辆,,group,,,,,,program_calculated,赛力斯A股产销快报（经人工审核的工作底稿）,,赛力斯数据.xlsx｜销量,,24Q4FY - 24Q49M,,,,verified,,,,31.82,
赛力斯,,2025FY,,,,nev_sales,,472269.0,辆,,group,,,,,,company_disclosed,赛力斯A股产销快报（经人工审核的工作底稿）,,赛力斯数据.xlsx｜销量,,,,,,verified,,,,10.63,
赛力斯,,2025H1,,,,nev_sales,,172108.0,辆,,group,,,,,,company_disclosed,赛力斯A股产销快报（经人工审核的工作底稿）,,赛力斯数据.xlsx｜销量,,,,,,verified,,,,-14.35,
赛力斯,,2025Q1,,,,nev_sales,,54552.0,辆,,group,,,,,,program_calculated,赛力斯A股产销快报（经人工审核的工作底稿）,,赛力斯数据.xlsx｜销量,,25Q1-01 + 25Q1-02 + 25Q1-03,,,,verified,,,,-42.47,
赛力斯,,2025Q2,,,,nev_sales,,117556.0,辆,,group,,,,,,program_calculated,赛力斯A股产销快报（经人工审核的工作底稿）,,赛力斯数据.xlsx｜销量,,25Q2H1 - 25Q2Q1,,,,verified,,,,10.77,
赛力斯,,2025Q3,,,,nev_sales,,132521.0,辆,,group,,,,,,program_calculated,赛力斯A股产销快报（经人工审核的工作底稿）,,赛力斯数据.xlsx｜销量,,25Q39M - 25Q3H1,,,,verified,,,,14.48,
赛力斯,,2025Q4,,,,nev_sales,,167640.0,辆,,group,,,,,,program_calculated,赛力斯A股产销快报（经人工审核的工作底稿）,,赛力斯数据.xlsx｜销量,,25Q4FY - 25Q49M,,,,verified,,,,52.16,
赛力斯,,2026-01,,,,nev_sales,,43034.0,辆,,group,,,,,,company_disclosed,赛力斯A股产销快报（经人工审核的工作底稿）,,赛力斯数据.xlsx｜销量,,,,,,verified,,,,140.33,
赛力斯,,2026-02,,,,nev_sales,,12760.0,辆,,group,,,,,,company_disclosed,赛力斯A股产销快报（经人工审核的工作底稿）,,赛力斯数据.xlsx｜销量,,,,,,verified,,,,-28.48,
赛力斯,,2026-03,,,,nev_sales,,22706.0,辆,,group,,,,,,company_disclosed,赛力斯A股产销快报（经人工审核的工作底稿）,,赛力斯数据.xlsx｜销量,,,,,,verified,,,,20.74,
赛力斯,,2026-04,,,,nev_sales,,33132.0,辆,,group,,,,,,company_disclosed,赛力斯A股产销快报（经人工审核的工作底稿）,,赛力斯数据.xlsx｜销量,,,,,,verified,,,,5.22,
赛力斯,,2026-05,,,,nev_sales,,33476.0,辆,,group,,,,,,company_disclosed,赛力斯A股产销快报（经人工审核的工作底稿）,,赛力斯数据.xlsx｜销量,,,,,,verified,,,,-16.27,
赛力斯,,2026-06,,,,nev_sales,,33669.0,辆,,group,,,,,,company_disclosed,赛力斯A股产销快报（经人工审核的工作底稿）,,赛力斯数据.xlsx｜销量,,,,,,verified,,,,-26.94,
赛力斯,,2026-07,,,,nev_sales,,24229.0,辆,,group,,,,,,company_disclosed,赛力斯A股产销快报（经人工审核的工作底稿）,,赛力斯数据.xlsx｜销量,,,,,,verified,,,,-45.65,
赛力斯,,2026H1,,,,nev_sales,,178777.0,辆,,group,,,,,,company_disclosed,赛力斯A股产销快报（经人工审核的工作底稿）,,赛力斯数据.xlsx｜销量,,,,,,verified,,,,3.87,
赛力斯,,2026Q1,,,,nev_sales,,78500.0,辆,,group,,,,,,program_calculated,赛力斯A股产销快报（经人工审核的工作底稿）,,赛力斯数据.xlsx｜销量,,26Q1-01 + 26Q1-02 + 26Q1-03,,,,verified,,,,43.9,
赛力斯,,2026Q2,,,,nev_sales,,100277.0,辆,,group,,,,,,program_calculated,赛力斯A股产销快报（经人工审核的工作底稿）,,赛力斯数据.xlsx｜销量,,26Q2H1 - 26Q2Q1,,,,verified,,,,-14.7,
赛力斯,,2024FY,,,,nev_sales_share,,85.89,%,,group,,,,,,company_disclosed,赛力斯A股产销快报（经人工审核的工作底稿）,,赛力斯数据.xlsx｜销量,,,,,,verified,,,,,
赛力斯,,2024H1,,,,nev_sales_share,,85.22,%,,group,,,,,,company_disclosed,赛力斯A股产销快报（经人工审核的工作底稿）,,赛力斯数据.xlsx｜销量,,,,,,verified,,,,,
赛力斯,,2024Q1,,,,nev_sales_share,,83.08,%,,group,,,,,,program_calculated,赛力斯A股产销快报（经人工审核的工作底稿）,,赛力斯数据.xlsx｜销量,,24Q1-01 + 24Q1-02 + 24Q1-03,,,,verified,,,,,
赛力斯,,2024Q2,,,,nev_sales_share,,87.23,%,,group,,,,,,program_calculated,赛力斯A股产销快报（经人工审核的工作底稿）,,赛力斯数据.xlsx｜销量,,24Q2H1 - 24Q2Q1,,,,verified,,,,,
赛力斯,,2024Q3,,,,nev_sales_share,,86.64,%,,group,,,,,,program_calculated,赛力斯A股产销快报（经人工审核的工作底稿）,,赛力斯数据.xlsx｜销量,,24Q39M - 24Q3H1,,,,verified,,,,,
赛力斯,,2024Q4,,,,nev_sales_share,,86.35,%,,group,,,,,,program_calculated,赛力斯A股产销快报（经人工审核的工作底稿）,,赛力斯数据.xlsx｜销量,,24Q4FY - 24Q49M,,,,verified,,,,,
赛力斯,,2025FY,,,,nev_sales_share,,91.37,%,,group,,,,,,company_disclosed,赛力斯A股产销快报（经人工审核的工作底稿）,,赛力斯数据.xlsx｜销量,,,,,,verified,,,,,
赛力斯,,2025H1,,,,nev_sales_share,,86.66,%,,group,,,,,,company_disclosed,赛力斯A股产销快报（经人工审核的工作底稿）,,赛力斯数据.xlsx｜销量,,,,,,verified,,,,,
赛力斯,,2025Q1,,,,nev_sales_share,,79.79,%,,group,,,,,,program_calculated,赛力斯A股产销快报（经人工审核的工作底稿）,,赛力斯数据.xlsx｜销量,,25Q1-01 + 25Q1-02 + 25Q1-03,,,,verified,,,,,
赛力斯,,2025Q2,,,,nev_sales_share,,90.26,%,,group,,,,,,program_calculated,赛力斯A股产销快报（经人工审核的工作底稿）,,赛力斯数据.xlsx｜销量,,25Q2H1 - 25Q2Q1,,,,verified,,,,,
赛力斯,,2025Q3,,,,nev_sales_share,,93.29,%,,group,,,,,,program_calculated,赛力斯A股产销快报（经人工审核的工作底稿）,,赛力斯数据.xlsx｜销量,,25Q39M - 25Q3H1,,,,verified,,,,,
赛力斯,,2025Q4,,,,nev_sales_share,,95.14,%,,group,,,,,,program_calculated,赛力斯A股产销快报（经人工审核的工作底稿）,,赛力斯数据.xlsx｜销量,,25Q4FY - 25Q49M,,,,verified,,,,,
赛力斯,,2026-01,,,,nev_sales_share,,93.66,%,,group,,,,,,company_disclosed,赛力斯A股产销快报（经人工审核的工作底稿）,,赛力斯数据.xlsx｜销量,,,,,,verified,,,,,
赛力斯,,2026-02,,,,nev_sales_share,,84.99,%,,group,,,,,,company_disclosed,赛力斯A股产销快报（经人工审核的工作底稿）,,赛力斯数据.xlsx｜销量,,,,,,verified,,,,,
赛力斯,,2026-03,,,,nev_sales_share,,82.62,%,,group,,,,,,company_disclosed,赛力斯A股产销快报（经人工审核的工作底稿）,,赛力斯数据.xlsx｜销量,,,,,,verified,,,,,
赛力斯,,2026-04,,,,nev_sales_share,,93.43,%,,group,,,,,,company_disclosed,赛力斯A股产销快报（经人工审核的工作底稿）,,赛力斯数据.xlsx｜销量,,,,,,verified,,,,,
赛力斯,,2026-05,,,,nev_sales_share,,91.77,%,,group,,,,,,company_disclosed,赛力斯A股产销快报（经人工审核的工作底稿）,,赛力斯数据.xlsx｜销量,,,,,,verified,,,,,
赛力斯,,2026-06,,,,nev_sales_share,,93.02,%,,group,,,,,,company_disclosed,赛力斯A股产销快报（经人工审核的工作底稿）,,赛力斯数据.xlsx｜销量,,,,,,verified,,,,,
赛力斯,,2026-07,,,,nev_sales_share,,90.82,%,,group,,,,,,company_disclosed,赛力斯A股产销快报（经人工审核的工作底稿）,,赛力斯数据.xlsx｜销量,,,,,,verified,,,,,
赛力斯,,2026H1,,,,nev_sales_share,,90.94,%,,group,,,,,,company_disclosed,赛力斯A股产销快报（经人工审核的工作底稿）,,赛力斯数据.xlsx｜销量,,,,,,verified,,,,,
赛力斯,,2026Q1,,,,nev_sales_share,,88.76,%,,group,,,,,,program_calculated,赛力斯A股产销快报（经人工审核的工作底稿）,,赛力斯数据.xlsx｜销量,,26Q1-01 + 26Q1-02 + 26Q1-03,,,,verified,,,,,
赛力斯,,2026Q2,,,,nev_sales_share,,92.73,%,,group,,,,,,program_calculated,赛力斯A股产销快报（经人工审核的工作底稿）,,赛力斯数据.xlsx｜销量,,26Q2H1 - 26Q2Q1,,,,verified,,,,,
赛力斯,,2024FY,,,,other_vehicle_sales,,70123.0,辆,,group,,,,,,company_disclosed,赛力斯A股产销快报（经人工审核的工作底稿）,,赛力斯数据.xlsx｜销量,,,,,,verified,,,,-30.83,
赛力斯,,2024H1,,,,other_vehicle_sales,,34851.0,辆,,group,,,,,,company_disclosed,赛力斯A股产销快报（经人工审核的工作底稿）,,赛力斯数据.xlsx｜销量,,,,,,verified,,,,-26.42,
赛力斯,,2024Q1,,,,other_vehicle_sales,,19313.0,辆,,group,,,,,,program_calculated,赛力斯A股产销快报（经人工审核的工作底稿）,,赛力斯数据.xlsx｜销量,,24Q1-01 + 24Q1-02 + 24Q1-03,,,,verified,,,,-12.07,
赛力斯,,2024Q2,,,,other_vehicle_sales,,15538.0,辆,,group,,,,,,program_calculated,赛力斯A股产销快报（经人工审核的工作底稿）,,赛力斯数据.xlsx｜销量,,24Q2H1 - 24Q2Q1,,,,verified,,,,-38.82,
赛力斯,,2024Q3,,,,other_vehicle_sales,,17853.0,辆,,group,,,,,,program_calculated,赛力斯A股产销快报（经人工审核的工作底稿）,,赛力斯数据.xlsx｜销量,,24Q39M - 24Q3H1,,,,verified,,,,-15.79,
赛力斯,,2024Q4,,,,other_vehicle_sales,,17419.0,辆,,group,,,,,,program_calculated,赛力斯A股产销快报（经人工审核的工作底稿）,,赛力斯数据.xlsx｜销量,,24Q4FY - 24Q49M,,,,verified,,,,-46.93,
赛力斯,,2025FY,,,,other_vehicle_sales,,44591.0,辆,,group,,,,,,company_disclosed,赛力斯A股产销快报（经人工审核的工作底稿）,,赛力斯数据.xlsx｜销量,,,,,,verified,,,,-36.41,
赛力斯,,2025H1,,,,other_vehicle_sales,,26495.0,辆,,group,,,,,,company_disclosed,赛力斯A股产销快报（经人工审核的工作底稿）,,赛力斯数据.xlsx｜销量,,,,,,verified,,,,-23.98,
赛力斯,,2025Q1,,,,other_vehicle_sales,,13816.0,辆,,group,,,,,,program_calculated,赛力斯A股产销快报（经人工审核的工作底稿）,,赛力斯数据.xlsx｜销量,,25Q1-01 + 25Q1-02 + 25Q1-03,,,,verified,,,,-28.46,
赛力斯,,2025Q2,,,,other_vehicle_sales,,12679.0,辆,,group,,,,,,program_calculated,赛力斯A股产销快报（经人工审核的工作底稿）,,赛力斯数据.xlsx｜销量,,25Q2H1 - 25Q2Q1,,,,verified,,,,-18.4,
赛力斯,,2025Q3,,,,other_vehicle_sales,,9526.0,辆,,group,,,,,,program_calculated,赛力斯A股产销快报（经人工审核的工作底稿）,,赛力斯数据.xlsx｜销量,,25Q39M - 25Q3H1,,,,verified,,,,-46.64,
赛力斯,,2025Q4,,,,other_vehicle_sales,,8570.0,辆,,group,,,,,,program_calculated,赛力斯A股产销快报（经人工审核的工作底稿）,,赛力斯数据.xlsx｜销量,,25Q4FY - 25Q49M,,,,verified,,,,-50.8,
赛力斯,,2026-01,,,,other_vehicle_sales,,2914.0,辆,,group,,,,,,company_disclosed,赛力斯A股产销快报（经人工审核的工作底稿）,,赛力斯数据.xlsx｜销量,,,,,,verified,,,,-35.59,
赛力斯,,2026-02,,,,other_vehicle_sales,,2253.0,辆,,group,,,,,,company_disclosed,赛力斯A股产销快报（经人工审核的工作底稿）,,赛力斯数据.xlsx｜销量,,,,,,verified,,,,-35.41,
赛力斯,,2026-03,,,,other_vehicle_sales,,4778.0,辆,,group,,,,,,company_disclosed,赛力斯A股产销快报（经人工审核的工作底稿）,,赛力斯数据.xlsx｜销量,,,,,,verified,,,,-17.68,
赛力斯,,2026-04,,,,other_vehicle_sales,,2329.0,辆,,group,,,,,,company_disclosed,赛力斯A股产销快报（经人工审核的工作底稿）,,赛力斯数据.xlsx｜销量,,,,,,verified,,,,-45.24,
赛力斯,,2026-05,,,,other_vehicle_sales,,3004.0,辆,,group,,,,,,company_disclosed,赛力斯A股产销快报（经人工审核的工作底稿）,,赛力斯数据.xlsx｜销量,,,,,,verified,,,,-27.96,
赛力斯,,2026-06,,,,other_vehicle_sales,,2525.0,辆,,group,,,,,,company_disclosed,赛力斯A股产销快报（经人工审核的工作底稿）,,赛力斯数据.xlsx｜销量,,,,,,verified,,,,-40.67,
赛力斯,,2026-07,,,,other_vehicle_sales,,2450.0,辆,,group,,,,,,company_disclosed,赛力斯A股产销快报（经人工审核的工作底稿）,,赛力斯数据.xlsx｜销量,,,,,,verified,,,,-27.13,
赛力斯,,2026H1,,,,other_vehicle_sales,,17803.0,辆,,group,,,,,,company_disclosed,赛力斯A股产销快报（经人工审核的工作底稿）,,赛力斯数据.xlsx｜销量,,,,,,verified,,,,-32.81,
赛力斯,,2026Q1,,,,other_vehicle_sales,,9945.0,辆,,group,,,,,,program_calculated,赛力斯A股产销快报（经人工审核的工作底稿）,,赛力斯数据.xlsx｜销量,,26Q1-01 + 26Q1-02 + 26Q1-03,,,,verified,,,,-28.02,
赛力斯,,2026Q2,,,,other_vehicle_sales,,7858.0,辆,,group,,,,,,program_calculated,赛力斯A股产销快报（经人工审核的工作底稿）,,赛力斯数据.xlsx｜销量,,26Q2H1 - 26Q2Q1,,,,verified,,,,-38.02,
赛力斯,,2022FY,,,,rd_expense,,13.1,亿元,CNY,group,,,,,,company_disclosed,赛力斯A股定期报告（经人工审核的工作底稿）,,赛力斯数据.xlsx｜财务数据,,,,,,verified,,,,,
赛力斯,,2023FY,,,,rd_expense,,17.0,亿元,CNY,group,,,,,,company_disclosed,赛力斯A股定期报告（经人工审核的工作底稿）,,赛力斯数据.xlsx｜财务数据,,,,,,verified,,,,,
赛力斯,,2024FY,,,,rd_expense,,55.9,亿元,CNY,group,,,,,,company_disclosed,赛力斯A股定期报告（经人工审核的工作底稿）,,赛力斯数据.xlsx｜财务数据,,,,,,verified,,,,,
赛力斯,,2024H1,,,,rd_expense,,28.3,亿元,CNY,group,,,,,,company_disclosed,赛力斯A股定期报告（经人工审核的工作底稿）,,赛力斯数据.xlsx｜财务数据,,,,,,verified,,,,,
赛力斯,,2024Q1,,,,rd_expense,,9.54,亿元,CNY,group,,,,,,company_disclosed,赛力斯A股定期报告（经人工审核的工作底稿）,,赛力斯数据.xlsx｜财务数据,,,,,,verified,,,,,
赛力斯,,2024Q2,,,,rd_expense,,18.74,亿元,CNY,group,,,,,,program_calculated,赛力斯A股定期报告（经人工审核的工作底稿）,,赛力斯数据.xlsx｜财务数据,,2024H1 - 2024Q1,,,,verified,,,,,
赛力斯,,2024Q3,,,,rd_expense,,15.4,亿元,CNY,group,,,,,,program_calculated,赛力斯A股定期报告（经人工审核的工作底稿）,,赛力斯数据.xlsx｜财务数据,,2024 9M - 2024H1,,,,verified,,,,,
赛力斯,,2024Q4,,,,rd_expense,,12.2,亿元,CNY,group,,,,,,program_calculated,赛力斯A股定期报告（经人工审核的工作底稿）,,赛力斯数据.xlsx｜财务数据,,2024FY - 2024 9M,,,,verified,,,,,
赛力斯,,2025FY,,,,rd_expense,,79.54,亿元,CNY,group,,,,,,company_disclosed,赛力斯A股定期报告（经人工审核的工作底稿）,,赛力斯数据.xlsx｜财务数据,,,,,,verified,,,,42.41,
赛力斯,,2025H1,,,,rd_expense,,29.3,亿元,CNY,group,,,,,,company_disclosed,赛力斯A股定期报告（经人工审核的工作底稿）,,赛力斯数据.xlsx｜财务数据,,,,,,verified,,,,,
赛力斯,,2025Q1,,,,rd_expense,,10.5,亿元,CNY,group,,,,,,company_disclosed,赛力斯A股定期报告（经人工审核的工作底稿）,,赛力斯数据.xlsx｜财务数据,,,,,,verified,,,,10.2,
赛力斯,,2025Q2,,,,rd_expense,,18.8,亿元,CNY,group,,,,,,program_calculated,赛力斯A股定期报告（经人工审核的工作底稿）,,赛力斯数据.xlsx｜财务数据,,2025H1 - 2025Q1,,,,verified,,,,0.3,
赛力斯,,2025Q3,,,,rd_expense,,21.3,亿元,CNY,group,,,,,,program_calculated,赛力斯A股定期报告（经人工审核的工作底稿）,,赛力斯数据.xlsx｜财务数据,,2025 9M - 2025H1,,,,verified,,,,38.23,
赛力斯,,2025Q4,,,,rd_expense,,28.95,亿元,CNY,group,,,,,,program_calculated,赛力斯A股定期报告（经人工审核的工作底稿）,,赛力斯数据.xlsx｜财务数据,,2025FY - 2025 9M,,,,verified,,,,137.84,
赛力斯,,2026Q1,,,,rd_expense,,17.94,亿元,CNY,group,,,,,,company_disclosed,赛力斯A股定期报告（经人工审核的工作底稿）,,赛力斯数据.xlsx｜财务数据,,,,,,verified,,,,70.68,
赛力斯,,2022FY,,,,revenue,,341.0,亿元,CNY,group,,,,,,company_disclosed,赛力斯A股定期报告（经人工审核的工作底稿）,,赛力斯数据.xlsx｜财务数据,,,,,,verified,,,,,
赛力斯,,2023FY,,,,revenue,,358.4,亿元,CNY,group,,,,,,company_disclosed,赛力斯A股定期报告（经人工审核的工作底稿）,,赛力斯数据.xlsx｜财务数据,,,,,,verified,,,,,
赛力斯,,2024FY,,,,revenue,,1451.8,亿元,CNY,group,,,,,,company_disclosed,赛力斯A股定期报告（经人工审核的工作底稿）,,赛力斯数据.xlsx｜财务数据,,,,,,verified,,,,,
赛力斯,,2024H1,,,,revenue,,650.4,亿元,CNY,group,,,,,,company_disclosed,赛力斯A股定期报告（经人工审核的工作底稿）,,赛力斯数据.xlsx｜财务数据,,,,,,verified,,,,,
赛力斯,,2024Q1,,,,revenue,,265.61,亿元,CNY,group,,,,,,company_disclosed,赛力斯A股定期报告（经人工审核的工作底稿）,,赛力斯数据.xlsx｜财务数据,,,,,,verified,,,,,
赛力斯,,2024Q2,,,,revenue,,384.84,亿元,CNY,group,,,,,,program_calculated,赛力斯A股定期报告（经人工审核的工作底稿）,,赛力斯数据.xlsx｜财务数据,,2024H1 - 2024Q1,,,,verified,,,,,
赛力斯,,2024Q3,,,,revenue,,415.8,亿元,CNY,group,,,,,,program_calculated,赛力斯A股定期报告（经人工审核的工作底稿）,,赛力斯数据.xlsx｜财务数据,,2024 9M - 2024H1,,,,verified,,,,,
赛力斯,,2024Q4,,,,revenue,,385.5,亿元,CNY,group,,,,,,program_calculated,赛力斯A股定期报告（经人工审核的工作底稿）,,赛力斯数据.xlsx｜财务数据,,2024FY - 2024 9M,,,,verified,,,,,
赛力斯,,2025FY,,,,revenue,,1650.54,亿元,CNY,group,,,,,,company_disclosed,赛力斯A股定期报告（经人工审核的工作底稿）,,赛力斯数据.xlsx｜财务数据,,,,,,verified,,,,13.69,
赛力斯,,2025H1,,,,revenue,,624.02,亿元,CNY,group,,,,,,company_disclosed,赛力斯A股定期报告（经人工审核的工作底稿）,,赛力斯数据.xlsx｜财务数据,,,,,,verified,,,,,
赛力斯,,2025Q1,,,,revenue,,191.5,亿元,CNY,group,,,,,,company_disclosed,赛力斯A股定期报告（经人工审核的工作底稿）,,赛力斯数据.xlsx｜财务数据,,,,,,verified,,,,-27.9,
赛力斯,,2025Q2,,,,revenue,,432.5,亿元,CNY,group,,,,,,program_calculated,赛力斯A股定期报告（经人工审核的工作底稿）,,赛力斯数据.xlsx｜财务数据,,2025H1 - 2025Q1,,,,verified,,,,12.4,
赛力斯,,2025Q3,,,,revenue,,481.33,亿元,CNY,group,,,,,,program_calculated,赛力斯A股定期报告（经人工审核的工作底稿）,,赛力斯数据.xlsx｜财务数据,,2025 9M - 2025H1,,,,verified,,,,15.75,
赛力斯,,2025Q4,,,,revenue,,545.19,亿元,CNY,group,,,,,,program_calculated,赛力斯A股定期报告（经人工审核的工作底稿）,,赛力斯数据.xlsx｜财务数据,,2025FY - 2025 9M,,,,verified,,,,41.43,
赛力斯,,2026Q1,,,,revenue,,257.46,亿元,CNY,group,,,,,,company_disclosed,赛力斯A股定期报告（经人工审核的工作底稿）,,赛力斯数据.xlsx｜财务数据,,,,,,verified,,,,34.46,
赛力斯,,2022FY,,,,selling_expense,,48.2,亿元,CNY,group,,,,,,company_disclosed,赛力斯A股定期报告（经人工审核的工作底稿）,,赛力斯数据.xlsx｜财务数据,,,,,,verified,,,2024年年报披露保证类质保成本由销售费用追溯调整至营业成本；本数据包沿用各期原财报口径，未静默统一重述。,,
赛力斯,,2023FY,,,,selling_expense,,52.8,亿元,CNY,group,,,,,,company_disclosed,赛力斯A股定期报告（经人工审核的工作底稿）,,赛力斯数据.xlsx｜财务数据,,,,,,verified,,,2024年年报披露保证类质保成本由销售费用追溯调整至营业成本；本数据包沿用各期原财报口径，未静默统一重述。,,
赛力斯,,2024FY,,,,selling_expense,,191.8,亿元,CNY,group,,,,,,company_disclosed,赛力斯A股定期报告（经人工审核的工作底稿）,,赛力斯数据.xlsx｜财务数据,,,,,,verified,,,2024年年报披露保证类质保成本由销售费用追溯调整至营业成本；本数据包沿用各期原财报口径，未静默统一重述。,,
赛力斯,,2024H1,,,,selling_expense,,87.0,亿元,CNY,group,,,,,,company_disclosed,赛力斯A股定期报告（经人工审核的工作底稿）,,赛力斯数据.xlsx｜财务数据,,,,,,verified,,,2024年年报披露保证类质保成本由销售费用追溯调整至营业成本；本数据包沿用各期原财报口径，未静默统一重述。,,
赛力斯,,2024Q1,,,,selling_expense,,34.05,亿元,CNY,group,,,,,,company_disclosed,赛力斯A股定期报告（经人工审核的工作底稿）,,赛力斯数据.xlsx｜财务数据,,,,,,verified,,,2024年年报披露保证类质保成本由销售费用追溯调整至营业成本；本数据包沿用各期原财报口径，未静默统一重述。,,
赛力斯,,2024Q2,,,,selling_expense,,59.32,亿元,CNY,group,,,,,,program_calculated,赛力斯A股定期报告（经人工审核的工作底稿）,,赛力斯数据.xlsx｜财务数据,,2024H1 - 2024Q1,,,,verified,,,2024年年报披露保证类质保成本由销售费用追溯调整至营业成本；本数据包沿用各期原财报口径，未静默统一重述。,,
赛力斯,,2024Q3,,,,selling_expense,,52.7,亿元,CNY,group,,,,,,program_calculated,赛力斯A股定期报告（经人工审核的工作底稿）,,赛力斯数据.xlsx｜财务数据,,2024 9M - 2024H1,,,,verified,,,2024年年报披露保证类质保成本由销售费用追溯调整至营业成本；本数据包沿用各期原财报口径，未静默统一重述。,,
赛力斯,,2024Q4,,,,selling_expense,,52.1,亿元,CNY,group,,,,,,program_calculated,赛力斯A股定期报告（经人工审核的工作底稿）,,赛力斯数据.xlsx｜财务数据,,2024FY - 2024 9M,,,,verified,,,2024年年报披露保证类质保成本由销售费用追溯调整至营业成本；本数据包沿用各期原财报口径，未静默统一重述。,,
赛力斯,,2025FY,,,,selling_expense,,241.94,亿元,CNY,group,,,,,,company_disclosed,赛力斯A股定期报告（经人工审核的工作底稿）,,赛力斯数据.xlsx｜财务数据,,,,,,verified,,,2024年年报披露保证类质保成本由销售费用追溯调整至营业成本；本数据包沿用各期原财报口径，未静默统一重述。,26.12,
赛力斯,,2025H1,,,,selling_expense,,89.41,亿元,CNY,group,,,,,,company_disclosed,赛力斯A股定期报告（经人工审核的工作底稿）,,赛力斯数据.xlsx｜财务数据,,,,,,verified,,,2024年年报披露保证类质保成本由销售费用追溯调整至营业成本；本数据包沿用各期原财报口径，未静默统一重述。,,
赛力斯,,2025Q1,,,,selling_expense,,26.6,亿元,CNY,group,,,,,,company_disclosed,赛力斯A股定期报告（经人工审核的工作底稿）,,赛力斯数据.xlsx｜财务数据,,,,,,verified,,,2024年年报披露保证类质保成本由销售费用追溯调整至营业成本；本数据包沿用各期原财报口径，未静默统一重述。,-21.8,
赛力斯,,2025Q2,,,,selling_expense,,62.8,亿元,CNY,group,,,,,,program_calculated,赛力斯A股定期报告（经人工审核的工作底稿）,,赛力斯数据.xlsx｜财务数据,,2025H1 - 2025Q1,,,,verified,,,2024年年报披露保证类质保成本由销售费用追溯调整至营业成本；本数据包沿用各期原财报口径，未静默统一重述。,5.8,
赛力斯,,2025Q3,,,,selling_expense,,70.49,亿元,CNY,group,,,,,,program_calculated,赛力斯A股定期报告（经人工审核的工作底稿）,,赛力斯数据.xlsx｜财务数据,,2025 9M - 2025H1,,,,verified,,,2024年年报披露保证类质保成本由销售费用追溯调整至营业成本；本数据包沿用各期原财报口径，未静默统一重述。,33.71,
赛力斯,,2025Q4,,,,selling_expense,,82.04,亿元,CNY,group,,,,,,program_calculated,赛力斯A股定期报告（经人工审核的工作底稿）,,赛力斯数据.xlsx｜财务数据,,2025FY - 2025 9M,,,,verified,,,2024年年报披露保证类质保成本由销售费用追溯调整至营业成本；本数据包沿用各期原财报口径，未静默统一重述。,57.38,
赛力斯,,2026Q1,,,,selling_expense,,37.19,亿元,CNY,group,,,,,,company_disclosed,赛力斯A股定期报告（经人工审核的工作底稿）,,赛力斯数据.xlsx｜财务数据,,,,,,verified,,,2024年年报披露保证类质保成本由销售费用追溯调整至营业成本；本数据包沿用各期原财报口径，未静默统一重述。,39.69,
赛力斯,,2024FY,,,,seres_auto_sales,,389419.0,辆,,group,,,,,,company_disclosed,赛力斯A股产销快报（经人工审核的工作底稿）,,赛力斯数据.xlsx｜销量,,,,,,verified,,,上市公司产销快报口径，不等于问界交付量；为保持连续性统一使用赛力斯汽车销量口径。,267.96,
赛力斯,,2024H1,,,,seres_auto_sales,,182602.0,辆,,group,,,,,,company_disclosed,赛力斯A股产销快报（经人工审核的工作底稿）,,赛力斯数据.xlsx｜销量,,,,,,verified,,,上市公司产销快报口径，不等于问界交付量；为保持连续性统一使用赛力斯汽车销量口径。,608.83,
赛力斯,,2024Q1,,,,seres_auto_sales,,84065.0,辆,,group,,,,,,program_calculated,赛力斯A股产销快报（经人工审核的工作底稿）,,赛力斯数据.xlsx｜销量,,24Q1-01 + 24Q1-02 + 24Q1-03,,,,verified,,,上市公司产销快报口径，不等于问界交付量；为保持连续性统一使用赛力斯汽车销量口径。,620.1,
赛力斯,,2024Q2,,,,seres_auto_sales,,98537.0,辆,,group,,,,,,program_calculated,赛力斯A股产销快报（经人工审核的工作底稿）,,赛力斯数据.xlsx｜销量,,24Q2H1 - 24Q2Q1,,,,verified,,,上市公司产销快报口径，不等于问界交付量；为保持连续性统一使用赛力斯汽车销量口径。,599.49,
赛力斯,,2024Q3,,,,seres_auto_sales,,110355.0,辆,,group,,,,,,program_calculated,赛力斯A股产销快报（经人工审核的工作底稿）,,赛力斯数据.xlsx｜销量,,24Q39M - 24Q3H1,,,,verified,,,上市公司产销快报口径，不等于问界交付量；为保持连续性统一使用赛力斯汽车销量口径。,654.41,
赛力斯,,2024Q4,,,,seres_auto_sales,,96462.0,辆,,group,,,,,,program_calculated,赛力斯A股产销快报（经人工审核的工作底稿）,,赛力斯数据.xlsx｜销量,,24Q4FY - 24Q49M,,,,verified,,,上市公司产销快报口径，不等于问界交付量；为保持连续性统一使用赛力斯汽车销量口径。,45.46,
赛力斯,,2025FY,,,,seres_auto_sales,,430401.0,辆,,group,,,,,,company_disclosed,赛力斯A股产销快报（经人工审核的工作底稿）,,赛力斯数据.xlsx｜销量,,,,,,verified,,,上市公司产销快报口径，不等于问界交付量；为保持连续性统一使用赛力斯汽车销量口径。,10.52,
赛力斯,,2025H1,,,,seres_auto_sales,,152239.0,辆,,group,,,,,,company_disclosed,赛力斯A股产销快报（经人工审核的工作底稿）,,赛力斯数据.xlsx｜销量,,,,,,verified,,,上市公司产销快报口径，不等于问界交付量；为保持连续性统一使用赛力斯汽车销量口径。,-16.63,
赛力斯,,2025Q1,,,,seres_auto_sales,,45135.0,辆,,group,,,,,,program_calculated,赛力斯A股产销快报（经人工审核的工作底稿）,,赛力斯数据.xlsx｜销量,,25Q1-01 + 25Q1-02 + 25Q1-03,,,,verified,,,上市公司产销快报口径，不等于问界交付量；为保持连续性统一使用赛力斯汽车销量口径。,-46.31,
赛力斯,,2025Q2,,,,seres_auto_sales,,107104.0,辆,,group,,,,,,program_calculated,赛力斯A股产销快报（经人工审核的工作底稿）,,赛力斯数据.xlsx｜销量,,25Q2H1 - 25Q2Q1,,,,verified,,,上市公司产销快报口径，不等于问界交付量；为保持连续性统一使用赛力斯汽车销量口径。,8.69,
赛力斯,,2025Q3,,,,seres_auto_sales,,123964.0,辆,,group,,,,,,program_calculated,赛力斯A股产销快报（经人工审核的工作底稿）,,赛力斯数据.xlsx｜销量,,25Q39M - 25Q3H1,,,,verified,,,上市公司产销快报口径，不等于问界交付量；为保持连续性统一使用赛力斯汽车销量口径。,12.33,
赛力斯,,2025Q4,,,,seres_auto_sales,,154198.0,辆,,group,,,,,,program_calculated,赛力斯A股产销快报（经人工审核的工作底稿）,,赛力斯数据.xlsx｜销量,,25Q4FY - 25Q49M,,,,verified,,,上市公司产销快报口径，不等于问界交付量；为保持连续性统一使用赛力斯汽车销量口径。,59.85,
赛力斯,,2026-01,,,,seres_auto_sales,,40012.0,辆,,group,,,,,,company_disclosed,赛力斯A股产销快报（经人工审核的工作底稿）,,赛力斯数据.xlsx｜销量,,,,,,verified,,,上市公司产销快报口径，不等于问界交付量；为保持连续性统一使用赛力斯汽车销量口径。,143.5,
赛力斯,,2026-02,,,,seres_auto_sales,,10003.0,辆,,group,,,,,,company_disclosed,赛力斯A股产销快报（经人工审核的工作底稿）,,赛力斯数据.xlsx｜销量,,,,,,verified,,,上市公司产销快报口径，不等于问界交付量；为保持连续性统一使用赛力斯汽车销量口径。,-33.34,
赛力斯,,2026-03,,,,seres_auto_sales,,20234.0,辆,,group,,,,,,company_disclosed,赛力斯A股产销快报（经人工审核的工作底稿）,,赛力斯数据.xlsx｜销量,,,,,,verified,,,上市公司产销快报口径，不等于问界交付量；为保持连续性统一使用赛力斯汽车销量口径。,47.74,
赛力斯,,2026-04,,,,seres_auto_sales,,30003.0,辆,,group,,,,,,company_disclosed,赛力斯A股产销快报（经人工审核的工作底稿）,,赛力斯数据.xlsx｜销量,,,,,,verified,,,上市公司产销快报口径，不等于问界交付量；为保持连续性统一使用赛力斯汽车销量口径。,10.29,
赛力斯,,2026-05,,,,seres_auto_sales,,30187.0,辆,,group,,,,,,company_disclosed,赛力斯A股产销快报（经人工审核的工作底稿）,,赛力斯数据.xlsx｜销量,,,,,,verified,,,上市公司产销快报口径，不等于问界交付量；为保持连续性统一使用赛力斯汽车销量口径。,-17.18,
赛力斯,,2026-06,,,,seres_auto_sales,,30331.0,辆,,group,,,,,,company_disclosed,赛力斯A股产销快报（经人工审核的工作底稿）,,赛力斯数据.xlsx｜销量,,,,,,verified,,,上市公司产销快报口径，不等于问界交付量；为保持连续性统一使用赛力斯汽车销量口径。,-30.19,
赛力斯,,2026-07,,,,seres_auto_sales,,20480.0,辆,,group,,,,,,company_disclosed,赛力斯A股产销快报（经人工审核的工作底稿）,,赛力斯数据.xlsx｜销量,,,,,,verified,,,上市公司产销快报口径，不等于问界交付量；为保持连续性统一使用赛力斯汽车销量口径。,-50.86,
赛力斯,,2026H1,,,,seres_auto_sales,,160770.0,辆,,group,,,,,,company_disclosed,赛力斯A股产销快报（经人工审核的工作底稿）,,赛力斯数据.xlsx｜销量,,,,,,verified,,,上市公司产销快报口径，不等于问界交付量；为保持连续性统一使用赛力斯汽车销量口径。,5.6,
赛力斯,,2026Q1,,,,seres_auto_sales,,70249.0,辆,,group,,,,,,program_calculated,赛力斯A股产销快报（经人工审核的工作底稿）,,赛力斯数据.xlsx｜销量,,26Q1-01 + 26Q1-02 + 26Q1-03,,,,verified,,,上市公司产销快报口径，不等于问界交付量；为保持连续性统一使用赛力斯汽车销量口径。,55.64,
赛力斯,,2026Q2,,,,seres_auto_sales,,90521.0,辆,,group,,,,,,program_calculated,赛力斯A股产销快报（经人工审核的工作底稿）,,赛力斯数据.xlsx｜销量,,26Q2H1 - 26Q2Q1,,,,verified,,,上市公司产销快报口径，不等于问界交付量；为保持连续性统一使用赛力斯汽车销量口径。,-15.48,
赛力斯,,2024FY,,,,total_vehicle_sales,,497008.0,辆,,group,,,,,,company_disclosed,赛力斯A股产销快报（经人工审核的工作底稿）,,赛力斯数据.xlsx｜销量,,,,,,verified,,,,96.98,
赛力斯,,2024H1,,,,total_vehicle_sales,,235800.0,辆,,group,,,,,,company_disclosed,赛力斯A股产销快报（经人工审核的工作底稿）,,赛力斯数据.xlsx｜销量,,,,,,verified,,,,155.85,
赛力斯,,2024Q1,,,,total_vehicle_sales,,114138.0,辆,,group,,,,,,program_calculated,赛力斯A股产销快报（经人工审核的工作底稿）,,赛力斯数据.xlsx｜销量,,24Q1-01 + 24Q1-02 + 24Q1-03,,,,verified,,,,172.16,
赛力斯,,2024Q2,,,,total_vehicle_sales,,121662.0,辆,,group,,,,,,program_calculated,赛力斯A股产销快报（经人工审核的工作底稿）,,赛力斯数据.xlsx｜销量,,24Q2H1 - 24Q2Q1,,,,verified,,,,142.23,
赛力斯,,2024Q3,,,,total_vehicle_sales,,133617.0,辆,,group,,,,,,program_calculated,赛力斯A股产销快报（经人工审核的工作底稿）,,赛力斯数据.xlsx｜销量,,24Q39M - 24Q3H1,,,,verified,,,,199.44,
赛力斯,,2024Q4,,,,total_vehicle_sales,,127591.0,辆,,group,,,,,,program_calculated,赛力斯A股产销快报（经人工审核的工作底稿）,,赛力斯数据.xlsx｜销量,,24Q4FY - 24Q49M,,,,verified,,,,9.62,
赛力斯,,2025FY,,,,total_vehicle_sales,,516860.0,辆,,group,,,,,,company_disclosed,赛力斯A股产销快报（经人工审核的工作底稿）,,赛力斯数据.xlsx｜销量,,,,,,verified,,,,3.99,
赛力斯,,2025H1,,,,total_vehicle_sales,,198603.0,辆,,group,,,,,,company_disclosed,赛力斯A股产销快报（经人工审核的工作底稿）,,赛力斯数据.xlsx｜销量,,,,,,verified,,,,-15.77,
赛力斯,,2025Q1,,,,total_vehicle_sales,,68368.0,辆,,group,,,,,,program_calculated,赛力斯A股产销快报（经人工审核的工作底稿）,,赛力斯数据.xlsx｜销量,,25Q1-01 + 25Q1-02 + 25Q1-03,,,,verified,,,,-40.1,
赛力斯,,2025Q2,,,,total_vehicle_sales,,130235.0,辆,,group,,,,,,program_calculated,赛力斯A股产销快报（经人工审核的工作底稿）,,赛力斯数据.xlsx｜销量,,25Q2H1 - 25Q2Q1,,,,verified,,,,7.05,
赛力斯,,2025Q3,,,,total_vehicle_sales,,142047.0,辆,,group,,,,,,program_calculated,赛力斯A股产销快报（经人工审核的工作底稿）,,赛力斯数据.xlsx｜销量,,25Q39M - 25Q3H1,,,,verified,,,,6.31,
赛力斯,,2025Q4,,,,total_vehicle_sales,,176210.0,辆,,group,,,,,,program_calculated,赛力斯A股产销快报（经人工审核的工作底稿）,,赛力斯数据.xlsx｜销量,,25Q4FY - 25Q49M,,,,verified,,,,38.11,
赛力斯,,2026-01,,,,total_vehicle_sales,,45948.0,辆,,group,,,,,,company_disclosed,赛力斯A股产销快报（经人工审核的工作底稿）,,赛力斯数据.xlsx｜销量,,,,,,verified,,,,104.85,
赛力斯,,2026-02,,,,total_vehicle_sales,,15013.0,辆,,group,,,,,,company_disclosed,赛力斯A股产销快报（经人工审核的工作底稿）,,赛力斯数据.xlsx｜销量,,,,,,verified,,,,-29.61,
赛力斯,,2026-03,,,,total_vehicle_sales,,27484.0,辆,,group,,,,,,company_disclosed,赛力斯A股产销快报（经人工审核的工作底稿）,,赛力斯数据.xlsx｜销量,,,,,,verified,,,,11.68,
赛力斯,,2026-04,,,,total_vehicle_sales,,35461.0,辆,,group,,,,,,company_disclosed,赛力斯A股产销快报（经人工审核的工作底稿）,,赛力斯数据.xlsx｜销量,,,,,,verified,,,,-0.78,
赛力斯,,2026-05,,,,total_vehicle_sales,,36480.0,辆,,group,,,,,,company_disclosed,赛力斯A股产销快报（经人工审核的工作底稿）,,赛力斯数据.xlsx｜销量,,,,,,verified,,,,-17.38,
赛力斯,,2026-06,,,,total_vehicle_sales,,36194.0,辆,,group,,,,,,company_disclosed,赛力斯A股产销快报（经人工审核的工作底稿）,,赛力斯数据.xlsx｜销量,,,,,,verified,,,,-28.1,
赛力斯,,2026-07,,,,total_vehicle_sales,,26679.0,辆,,group,,,,,,company_disclosed,赛力斯A股产销快报（经人工审核的工作底稿）,,赛力斯数据.xlsx｜销量,,,,,,verified,,,,-44.35,
赛力斯,,2026H1,,,,total_vehicle_sales,,196580.0,辆,,group,,,,,,company_disclosed,赛力斯A股产销快报（经人工审核的工作底稿）,,赛力斯数据.xlsx｜销量,,,,,,verified,,,,-1.02,
赛力斯,,2026Q1,,,,total_vehicle_sales,,88445.0,辆,,group,,,,,,program_calculated,赛力斯A股产销快报（经人工审核的工作底稿）,,赛力斯数据.xlsx｜销量,,26Q1-01 + 26Q1-02 + 26Q1-03,,,,verified,,,,29.37,
赛力斯,,2026Q2,,,,total_vehicle_sales,,108135.0,辆,,group,,,,,,program_calculated,赛力斯A股产销快报（经人工审核的工作底稿）,,赛力斯数据.xlsx｜销量,,26Q2H1 - 26Q2Q1,,,,verified,,,,-16.97,
